sample_order,dataset_id,series_id,series_type,source_order,selection_rank_within_type,selection_digest,length,missing_count,nonfinite_count,zero_count,negative_count,iqr,standard_deviation,mean_squared_first_difference
1,weather_daily,T3,rain,3,117,25d7f6fa172d0de583fb8676ee3cc4546b1da559021d25dd69f58c794b172c42,5716,0,0,2882,0,3.05083876060785,7.680059062045867,88.66860557116667
2,weather_daily,T16,rain,16,65,1769caabe77043db825d0a5e68c4704a7972441dd4a7c718e6be7d474b058555,13751,0,0,7378,0,1.46513480392157,4.401595819259158,29.412881594055005
3,weather_daily,T18,rain,18,89,1f7d69f48c857a108e264cbc97f6ce5de8537f5c4f79a325ecc579e37a122aee,9368,0,0,5544,0,2.0,9.8919122405938,137.70020357412133
4,weather_daily,T29,rain,29,19,07a48c391250e18dd95f3b24da7aacdc797dad8552eaa117845dafb6fbb42019,6811,0,0,4007,0,2.2,10.164860809067465,142.1193590527992
5,weather_daily,T33,rain,33,82,1d8038cfc07580a4cf04c6b0c208db47bfb3650f3a7a13aaf000a5b1a1ab244d,28726,0,0,20052,0,0.5,5.018204705912207,41.10573211803502
6,weather_daily,T41,rain,41,24,08f13bc4504bb9b50e70b70900b5d36a72a486664afc8c6c8920e7627dbb18c3,49179,0,0,36333,0,0.3,5.693823228676186,53.239701644152554
7,weather_daily,T45,rain,45,90,1f83299348a72f3387f80917c421fe76616bb6671b113803a733c38491b25b7d,7907,0,0,5101,0,0.6,7.541703042785539,82.13253807953392
8,weather_daily,T79,rain,79,4,0222cecb2ce96f41b13a35004de9a4be62a6397e739662f0ba011a95837f1205,10829,0,0,5135,0,3.78825569298347,9.046133425136375,125.9919837651672
9,weather_daily,T80,rain,80,71,1983cbe2cf36743d9f1cf7d9419a54ae1a1e4bf33a3bd38cbac02248b3429473,5716,0,0,3069,0,1.2,5.3020286916232395,46.092930840162104
10,weather_daily,T82,rain,82,43,1182618430180d4b83eab7c2f9ae1c1fe56a93a5ffd978bf0a1b469c6eea6885,28726,0,0,8563,0,1.67352613061014,3.8201270350141416,24.22487293646387
11,weather_daily,T89,rain,89,17,07990af9322509ffbca50fddc4434ce60e3f4fb536d8ccf767fb48d3287358ba,47353,0,0,35504,0,0.1,4.831677616641929,37.98016348151856
12,weather_daily,T99,rain,99,41,10f04388587fb0251f76818bc876e8e8bb31068e06e52374c29506ce7debcd2c,9368,0,0,5144,0,2.0,7.42543161393592,87.78581240126833
13,weather_daily,T100,rain,100,121,26d5dcfdbd5bbc20704f4bbbe9bddf70d133a929cd67ca071e0c6029b9ecfe68,50640,0,0,39102,0,0.0,5.896578681548228,57.16929714360209
14,weather_daily,T105,rain,105,76,1b048009626927b6d0d29af933a8f0ff6fdaf4839adaa8b466de2a47c8afe278,22517,0,0,15338,0,1.11209345409634,4.071137418572697,28.77667713827671
15,weather_daily,T106,rain,106,35,0e5f091e591571cd9125f9955cc10863437a9f845efbd8aa201756692e321de1,9003,0,0,5064,0,2.0,9.608639132926816,131.55879768039495
16,weather_daily,T107,rain,107,78,1b7d42693a311f93a706d9cf2afafa0fbc77ebe306821e7e788c5ff7ce67f34c,4985,0,0,3188,0,1.2,4.864421407701082,38.12524733767259
17,weather_daily,T123,rain,123,30,0ca4680193704f1128cb75669fff4fe18a7a57d18f785e045595806d591ed9fb,27996,0,0,15948,0,1.0,4.88755996469919,37.92385642878508
18,weather_daily,T133,rain,133,81,1cc07ddcf8404cee4c0e5f457f263a387d9b9973f73c451ed39bcce2362bfefa,8272,0,0,5999,0,0.2,3.7531213795891,23.402058350633965
19,weather_daily,T138,rain,138,13,06a1cca62ffcb592f788d8bab637c55b08d3fccc77244560ef6264d1e5a193d4,25191,0,0,18205,0,0.4,6.079823723766803,59.689669349633434
20,weather_daily,T139,rain,139,16,0737f9d4f8f652a0a0f03e1d84cd0caca3960c1f54c8e4b6bdc5d4384b3a077f,50640,0,0,27738,0,3.68369635143829,10.103849636007132,139.9444125475116
21,weather_daily,T141,rain,141,9,048743b2a4c12b46835efa6b66004a1400058ced199d688a6c5c1aad8d509348,13021,0,0,6477,0,1.6,4.850189024677567,38.22823043377818
22,weather_daily,T147,rain,147,73,19ec93f2a10d398332ffbd9c0b45f4b6d754d18582f71e7e1bec0304630da8d1,4620,0,0,2506,0,1.66405561993048,4.575658707024734,33.990652713570704
23,weather_daily,T150,rain,150,114,24fac55a2cd8b3999d77505026b1dbcaf310e3200d6b8a449f6b627ba89aec54,6811,0,0,4821,0,0.2,6.502059702594937,70.38180630057742
24,weather_daily,T151,rain,151,55,157c9e811dfff74f627953609232fe44747630229267b0c5d4f0e3bf51415fe3,50275,0,0,38356,0,0.0,6.270399483989896,63.96532508535349
25,weather_daily,T152,rain,152,106,231b20fcac64baf01f32c2db773751d76347e29f9c94a9a27ed124b3da15a2c6,9368,0,0,4439,0,1.90157257608327,5.041465636330012,39.15665026826204
26,weather_daily,T166,rain,166,6,03ed6a1559665d8678cc4493c191a143399260b8e90815b81cab51458bc067ef,25439,0,0,13871,0,1.95740099319785,4.943908078601364,40.65882251110488
27,weather_daily,T173,rain,173,119,264f5657997ed835e1d919a1a143471be6e7c9deade1a3827f8983ba79d6e571,19595,0,0,12670,0,0.8,4.73924194424621,36.55725082032671
28,weather_daily,T186,rain,186,102,2228be52878c2ffe1fc372ac3ec35c322f50323298f64b8f046a2e3959c243d6,21787,0,0,10882,0,4.0,14.797841560609456,271.33276957620944
29,weather_daily,T187,rain,187,111,24a02f6db560d39ec6ff4620bddd2d5c646b963712d2782444f61e526c4a3b95,22517,0,0,15466,0,0.6,6.057705145826538,58.99425749684587
30,weather_daily,T198,rain,198,104,2286c2fb51e705dcf3d79532e45b4aa3ae5ba5b48153e40c3628b8c0d1d69469,6811,0,0,5023,0,0.2,5.832657644991409,56.15610761933786
31,weather_daily,T213,rain,213,68,18631100b150abba182cccfec4213da980d44db8a37306caf793cf00cfc01085,5716,0,0,3984,0,0.2,3.2699538781116164,17.56312225702891
32,weather_daily,T224,rain,224,33,0cf4d2aa5c859396cd24ae4d76d74c1eb69fd0bbce2bc202da0476b4edcadcc2,8272,0,0,4715,0,3.6,16.165440210827192,295.50269550154
33,weather_daily,T231,rain,231,57,15f632a79daedb6615e0f5d893aaeb642d6a0d44d5a58ce8ef2ee9e07ff41c9e,7907,0,0,6053,0,0.0,4.605881326628079,37.2689533978111
34,weather_daily,T233,rain,233,88,1f0027d7f003b3fba88569863f8de46d5f3e818e594592324d7e86b05e7c37e8,8272,0,0,6761,0,0.0,5.111733813798497,43.49271846669267
35,weather_daily,T244,rain,244,15,0735e1f3df42625a1944491b06c352efc999d9f575db7978ae3de0e4f41394c3,13386,0,0,6457,0,1.71227661227661,4.1695813528393515,28.47554969181791
36,weather_daily,T249,rain,249,62,16de99d1f4d415d0d0f17e3f9e3d4299ced8431b1dd92d3b81424956436d3c9a,26535,0,0,8470,0,2.75148122229998,5.207336406876288,44.624714297599446
37,weather_daily,T253,rain,253,26,098c0ad790da8043ad19778d6dbd2845390aa2606103faa5472ad68cbb28261f,19593,0,0,10380,0,2.81827473198911,7.021811675668384,84.79623951637807
38,weather_daily,T255,rain,255,94,2044c319344fd2f09b8a4c701626d1272fc9f0621a40cd336400479f85891d46,8638,0,0,3567,0,2.50685346918971,4.979072931631736,38.9109691941363
39,weather_daily,T257,rain,257,22,084f5847a2da903c4adccef6e995f33d5c0f174cac1b9c8ee7459668b2e397be,48084,0,0,29649,0,1.67945938529089,5.371324742600494,43.66434131978034
40,weather_daily,T265,rain,265,1,000e8f9315596ab43424baa73afd1e87b92f550003d6ba1db3f9a129fa8c63c3,5350,0,0,3017,0,0.8,3.815595343571359,23.32341102675473
41,weather_daily,T278,rain,278,39,104d59bb6ae7a5980a44f9a7e53f451de9df3f3bbd6c8e1b416c9eace1dee06d,13751,0,0,5704,0,2.29630912037719,4.938763582489463,38.64443804193463
42,weather_daily,T280,rain,280,116,255f7b22a2451572840562ecdf546056e2c3b997f840f7abc3985ae030d001c0,7177,0,0,3095,0,2.7393667224844,6.4210103844916135,63.74519471244319
43,weather_daily,T283,rain,283,40,10a065de161667df6577c03c45b2388f3debdb7cc29138da6e6676885e89d202,49545,0,0,43337,0,0.0,4.37481836921174,31.26171380513293
44,weather_daily,T294,rain,294,48,13405179fa73a4f6ee7f5c961aba9f7290671e3b542198e395880249381a3aff,28361,0,0,13480,0,1.8,4.424008327002356,30.24263507848248
45,weather_daily,T295,rain,295,25,098bdf621ac9bc7090b2a6e58b607a42201bd4453f48366ab5446cbd5e3c37db,9003,0,0,5469,0,1.6,9.658158638597738,130.84379848355556
46,weather_daily,T300,rain,300,11,058c8eee458d6fff1eceae7edfe2b0ba288735be0fb20341afc1935c6bc956a6,8272,0,0,6539,0,0.0,5.838065201418988,53.84716414437017
47,weather_daily,T304,rain,304,12,059cc2d2b092201fc95071d8252456c8de21f45fe6abcc7399e0fd2f33e56a38,28726,0,0,8392,0,4.8,7.18950405017535,64.43230347984671
48,weather_daily,T305,rain,305,70,192311ee60a964e5e6f34623ad5a02db8f3a6aa7943b83bc4de9315dd03f0feb,8638,0,0,4426,0,1.0,3.4160846758139973,18.84491598988539
49,weather_daily,T310,rain,310,93,203d7893b8465155445bfbd1d29654f1f1b46689f74731c07227bc7a13657c54,14116,0,0,3843,0,4.6,6.3874188387324935,63.91892692836086
50,weather_daily,T325,rain,325,96,20e1d8d2ab69b758f2a9b5fd807da9d85930c1a950687aad58a5724152959db1,6081,0,0,3182,0,1.69721553798556,4.049480891768693,26.254404411530786
51,weather_daily,T326,rain,326,32,0ce3ececd823a72940692f8fea65114ed1d322a1e86a8530aa373af97965fe3c,17404,0,0,10198,0,2.2,14.649591204444029,276.6574760574383
52,weather_daily,T327,rain,327,87,1e5d44229d3ce5103efcfd5ba2db21abd3d7a298587a64ffe3de4f84e5f31302,51371,0,0,42944,0,0.0,4.988210814409568,37.76878354687032
53,weather_daily,T329,rain,329,21,07f1d3a3552cda9fc124e5316ca8700c9eb233d442d3ce8bdbd61e2bc931ccab,58311,0,0,32729,0,1.74872210953347,4.190946954150076,27.25815896861509
54,weather_daily,T334,rain,334,66,17bae6bb272e79a9cea437c44fb6dc6a83bc5ff1900e3400c2876fdd381f9ae2,5716,0,0,1581,0,5.25,8.230190950774746,88.35670721008249
55,weather_daily,T341,rain,341,109,23e8537673092e286950242a5a8a98035a2412268b2f7d6aed19fdc192670590,49179,0,0,35072,0,0.4,3.3272163775248664,18.58721558882459
56,weather_daily,T353,rain,353,108,23a5cb8db1d7c2e7ff59a1e84831f3ba92cf909aa5793c3373d45e0ed669e7bc,10099,0,0,6225,0,1.4,10.405745173551075,157.95829296074234
57,weather_daily,T354,rain,354,52,145270dc785ccafe428aa65a67d42a18a943ea81b782b67ea77af1215933a729,51006,0,0,18588,0,2.5420782624145,4.70915751036641,34.08063275792474
58,weather_daily,T362,rain,362,110,242629de879c118c684798fb50c6cca318ba0b1e272f246c437954736d4acdbe,54658,0,0,30495,0,2.10396627551124,5.185382841238832,38.48894873075738
59,weather_daily,T371,rain,371,54,1579776d3e92c00bb235fd6cf30d014fd240569bc239420c8bca1ae19d8975c4,6811,0,0,4045,0,1.2,3.929141220629619,24.00536195890108
60,weather_daily,T373,rain,373,59,16390365aa979ffc0eb7a5626e46ee8fc9f853bf710a57fff9265d5656ea4846,15577,0,0,10301,0,0.8,4.152675784519332,27.470878339771406
61,weather_daily,T374,rain,374,63,16e2547068fa8431f01b48c0caaff52d322cfc053f13f364be98c1e03f32d24a,8272,0,0,5302,0,0.8,3.4572944242574124,19.44641434572725
62,weather_daily,T382,rain,382,28,0c693f298912ed50d8585fd9ce854952b792992324e01a0f105a890b7a4f7c1b,23613,0,0,15907,0,0.6,3.5512768583425625,20.684532777475894
63,weather_daily,T386,rain,386,75,1a57a47f4add020e00106ccc58ac742b33c6bb5a516d8af1a16df3a62779de57,49179,0,0,40207,0,0.0,6.474578752984962,64.14527961457205
64,weather_daily,T402,rain,402,5,028267921de7ad67e8c29ced9505aa20f70d90c0b7492cbd9778c898a701cbb8,8638,0,0,4790,0,2.4,14.0836870366619,273.02092661772394
65,weather_daily,T404,rain,404,29,0c7ace94072fa348d0148ea2fa5945db396f18449c0e5f056a7ad197ab6bf8c7,9733,0,0,5464,0,1.0,3.685277919240944,22.67420474759513
66,weather_daily,T407,rain,407,85,1ddc26a1fcd2d1b39eb0c3c72ed23b94108a3aacf7a738ad9b191132846ea6d4,5350,0,0,3593,0,0.4,3.2829247092127707,17.719267838120736
67,weather_daily,T412,rain,412,8,047f2a8a43769f96d5f390c3e850ac9eddf564052f7c76ee9f0355829cd5cecb,53562,0,0,40088,0,0.2,6.9766754594174945,77.98161160791265
68,weather_daily,T418,rain,418,45,1215e83f65a86e41c87e54da17d530367601d46c07f570a42275ecd16435ead1,46988,0,0,27363,0,2.5,11.441299593048493,189.60485170505927
69,weather_daily,T419,rain,419,99,21813a5484db6987c43dc00542cf80db7a0d647f403a49f4a36da98e7fb6b03a,8638,0,0,5078,0,1.0,3.44397875440642,19.091894076751455
70,weather_daily,T422,rain,422,44,11d3dd0beff4b237fc30878ca9cec0d34113ca455cdf227437b35d1b6b62ee88,51736,0,0,32360,0,2.0,10.68547777268786,162.25020021357562
71,weather_daily,T436,rain,436,83,1dbcf33e743131c3144538b30bd2ceb83439bb43187f2f6e575658bfce6809fe,7907,0,0,6565,0,0.0,2.709026549594902,12.113120658678191
72,weather_daily,T439,rain,439,103,226a44a203f08cad6d076c45ceb733ebbd0ecb158da955d65e642ab81e61d158,25804,0,0,22021,0,0.0,2.822783812185184,13.277904157847615
73,weather_daily,T442,rain,442,67,17f780c7da426e9d2bac9f0a900df806d663f398297168b3ab0052184cd1e9da,50640,0,0,15109,0,0.656207167733962,1.8291450747121476,5.406277350964836
74,weather_daily,T448,rain,448,7,043cdf951b5810b38739661576be1cf44095cd56a093e599b137355ebbaab259,32744,0,0,24044,0,0.2,2.9275002670639596,13.6629506020681
75,weather_daily,T451,rain,451,23,089bde7cfd86343fbbd7663ece47193b262d37ead94d1bf29347a5e8117a77e3,7542,0,0,5102,0,0.2,2.6259662963050614,11.311557423715078
76,weather_daily,T462,rain,462,49,13e7c60526606dffc5eae0492e95727cab46b160179402c1be2468de5c9c9371,3524,0,0,2696,0,0.0,6.977617197019146,78.68318190894
77,weather_daily,T466,rain,466,46,121eb312d2506a7d68de8008fa3a8c568e7fb2a9a96d5987ffcced451faabcb1,51736,0,0,36367,0,0.5,3.3049717619115,16.424830055925362
78,weather_daily,T470,rain,470,115,250067ea786881ec59465a1a35a4f9ed1153354872e9ce56d535ae2ff9727fe7,29457,0,0,21658,0,0.2,2.8839560840753675,13.35831911425939
79,weather_daily,T476,rain,476,50,13e920522dd023b3f61d6f4dfb2200f0568e2097241f51a5c50212f823f12a78,29457,0,0,22939,0,0.0,3.147349138039698,14.455686722782326
80,weather_daily,T478,rain,478,42,1140c3958f4962ad34fdc67caa0540d12341be14c21de212943417d15cfb1627,1333,0,0,701,0,3.52472727272727,10.849673470535446,163.14005079105553
81,weather_daily,T483,rain,483,100,21b187c7f68ec3101b4c00e8f752acfe32b6f466827d22ff8b5093e55a4e7749,6446,0,0,3626,0,2.4,13.634479875543484,227.06155366504888
82,weather_daily,T494,rain,494,10,0491deee70ff30070cbb27061a28e52604a4b7cadaf9688db3c7f770e1fd7791,8272,0,0,5518,0,0.6,11.236137508432174,155.0019621825723
83,weather_daily,T505,rain,505,47,12ff2a3d34c3a6518505fcd6319d5d871d0f5ae4809e03a04442347d56b3fb77,2428,0,0,1856,0,0.0,5.554732501893339,43.61381486513637
84,weather_daily,T510,rain,510,97,211b7b44f980d8266cd46d251d433e856ad6ff8036c0886df334e18d43655ac3,2428,0,0,1822,0,0.0,7.933776603930227,68.98442198654477
85,weather_daily,T513,rain,513,112,24d97365360812c62ff609d97f2f5129f946733b63afd395be6dcf51c8d08ae7,36397,0,0,14337,0,9.41188953757761,24.294166347016244,693.6125820288996
86,weather_daily,T523,rain,523,27,0a632a84fff3afce3d17daa9f716145090c9d271954387abf0712e21cce60dc1,13386,0,0,8898,0,0.798560157790927,3.942000497220724,21.81103713546177
87,weather_daily,T526,rain,526,31,0cb0ec7be3c4482376acf141ab847c478653fc3ec07525a545b0fd821cf1ce96,10829,0,0,9184,0,0.0,4.394807526684642,24.77643843658972
88,weather_daily,T529,rain,529,36,0ec8b6796a24ae7096ee1b9c1a6c9e9c3e74e84b459296d452207dfae97d878b,6811,0,0,5134,0,0.0,9.001288160267245,120.91484570016723
89,weather_daily,T534,rain,534,113,24f64199fcf3f18b2b167e4d91db653c8d3d43d8a960a7f92af433524a5c1928,6811,0,0,5242,0,0.0,10.658601955844947,137.70207674030203
90,weather_daily,T543,rain,543,72,19aac585f5515728c8b6c15438b80185ddd192a725a1cdea8f5e14385e0e91ba,6081,0,0,3277,0,2.2,12.16690751080811,184.57091741538997
91,weather_daily,T544,rain,544,77,1b1c97c6f3d9bbdf5c8ced1285a506214f31fc9f6c5ce4643ad426b8b067bb61,36461,0,0,25556,0,2.6,13.155143446831664,215.86991983037976
92,weather_daily,T546,rain,546,61,16a33f076003790c0514928f1ee0e5e64aba7e47e609e7b2c5ce162c7ef35eb7,18993,0,0,12670,0,2.64889236382591,10.367637010505478,136.35893027155214
93,weather_daily,T547,rain,547,38,10267a75f13a9779969c9c3740ed67791ec922c793f9643145d413fe07046e4e,23248,0,0,20059,0,0.0,4.594236594650816,32.01309798773829
94,weather_daily,T548,rain,548,92,202bf8d9feed444a6f85ece9442941696018b35f23e281a83e20da797d76ac3c,39319,0,0,30340,0,0.0,12.774721371988822,208.57863525085503
95,weather_daily,T566,rain,566,98,214293b857924d72149447d32a87f03e2e20f918fb53bfa191e8948918ab69ad,9368,0,0,7287,0,0.0,4.232245817483467,27.68129680148195
96,weather_daily,T571,rain,571,118,263df21e50fbca88916fa5076cd7797d6b263c653ab9db3c7e010f96918df64d,41145,0,0,28462,0,0.5,3.898220595301591,23.73887009743493
97,weather_daily,T577,rain,577,14,0714678a7e386add8d620f52b1499626241e4f14b5fb7e1bf9e52fb6829cec27,28361,0,0,20904,0,0.5,3.7940685626963786,21.12990834769812
98,weather_daily,T581,rain,581,84,1dca3a38863415cae641ab57834a3d82214423e0cd5f20ae9fe6cba3d4242c80,23978,0,0,17007,0,0.3,3.7068863791716473,23.199850439623862
99,weather_daily,T592,rain,592,20,07b804249a181d21d188931ea6bf71738af15009b45d46e838916dd7fc2b7a05,27394,0,0,22582,0,0.0,7.205196692625477,70.63947772283292
100,weather_daily,T598,rain,598,37,0f091b44bc78c7e667f810f350408e80ab256acc281c290df86efef7265956b1,13979,0,0,10975,0,0.0,9.407795000998492,124.39526788474518
101,weather_daily,T604,rain,604,80,1c07d675191452972158216ff000066374f35f286e945da46191396718159dc8,40049,0,0,30554,0,0.0,3.864738712152559,25.73372395316909
102,weather_daily,T605,rain,605,64,175d5dbd3ed0054e19aef3b60d38a86f3b7c8065d31a48510e2d4b612263d7c0,44431,0,0,29396,0,1.90041268584996,7.070628574280678,73.1554370365768
103,weather_daily,T607,rain,607,56,15a2aa7e21d6f2cac5c0762ee548dde7c24db298e40dbbd6695adee2708fe6cf,44066,0,0,36663,0,0.0,3.8934006690388783,23.20804695973676
104,weather_daily,T608,rain,608,60,168ff97b8f354564e11e67bef8b88ffec283d945428ac73a5d7f3930241833cb,12655,0,0,9972,0,0.0,8.412260942971319,98.75224643330525
105,weather_daily,T612,rain,612,91,1ffa410f5a060672398f324677b2ec9a13c386c165f160cbe005c5d95f5aefad,7542,0,0,4842,0,2.8,12.787890865844082,188.88686415309547
106,weather_daily,T625,rain,625,3,0151d4997ff41a1516b6bb457811f77f1244fad3340b1fbb6ffeddabeb72cd8d,6081,0,0,4044,0,2.2,11.47316432889122,157.31430341383842
107,weather_daily,T628,rain,628,58,162f43c0ce0f82eab01dabc85399e8fb347aa425c9a20c33117de6d58246c7ba,17769,0,0,10658,0,4.42187725631769,11.697263878090968,184.0070915127945
108,weather_daily,T645,rain,645,74,1a2421f7441aa251b16e401771389a41f18b29606771e6ee59db08a9d01ee0b7,28319,0,0,21126,0,0.1,3.609590203595582,21.44982119961544
109,weather_daily,T653,rain,653,95,206e75f75193e15f1bf34fb013e28d0a112af908d4f184f5d3b67827e404c807,18499,0,0,12326,0,1.0,8.76048973474759,119.02476893584792
110,weather_daily,T656,rain,656,120,2676ab5561c7819306fe453d02d237c439198c6bcf2f68b31ad0c66eb2a3f493,37857,0,0,27113,0,1.0,11.205403875755827,159.93071534481058
111,weather_daily,T659,rain,659,101,21c1df7d2f2c7b7800b2348eaacb7a2bf7a2204d1dcff2fac8a5325dddd6e56b,27631,0,0,19019,0,0.8,5.857932300543695,50.867388760022365
112,weather_daily,T662,rain,662,2,00228a6dadf53dfd7c8894b2affa768353f1f8be5c277cdf8899cd297946a152,30187,0,0,16329,0,1.9358626799557,5.001764970146725,40.37998190162755
113,weather_daily,T673,rain,673,51,143a1c93455b6cb31ce8822f337551492a050c1213211616d7fdeca161e33add,8638,0,0,5922,0,0.8,5.323809382532705,44.539969477787416
114,weather_daily,T683,rain,683,105,22eab760411bae0a30ffd2a4ccbcf682c19198739c087c6a08139579f6f4f8e5,2063,0,0,1286,0,4.17463255307567,14.027085112757032,263.70533386891503
115,weather_daily,T684,rain,684,86,1de3607417f5e4165cb629b75f6627199a67ff9ac857828ea5ab6324b154eefb,2794,0,0,1014,0,4.41777485187623,9.92900712872521,135.35075742320703
116,weather_daily,T690,rain,690,18,079e19a763347d18b8ac22272807d6ab7fd55d9cc88f7c749fea7ed02bc1a470,10829,0,0,7091,0,2.32536619390839,8.785278472573214,109.57368398848924
117,weather_daily,T694,rain,694,107,2385278f61ffad1e6ffb3cb7531fe414e3dd1ccc4ce9e840b3f0dfbeefa7f7ff,7907,0,0,5436,0,1.0,11.270962456976214,155.2142485015024
118,weather_daily,T697,rain,697,34,0cff036fb0331e442fc161bf2f4001e94d17c6d356ff4459d014a7e56e5e79f2,20691,0,0,11301,0,5.60893854748603,13.784079113358386,243.9966328254297
119,weather_daily,T707,rain,707,69,190010de2b15b41a54d7c7661d09229e3e676798a6c6ff6ec5d29792d4f17e29,23248,0,0,10328,0,2.27150603894503,8.357329635281582,88.14366708927403
120,weather_daily,T716,rain,716,53,1529b29be4a6de13d53baa0002983a5a3fb0457d7353d19aa731d6fba709890c,7177,0,0,5890,0,0.0,3.935667289230917,27.49221327299754
121,weather_daily,T717,rain,717,79,1b9d5e0d0a0f76d75a62b5af703232325b403a4877994c8fd676bf4fd319bc33,46257,0,0,35906,0,0.0,3.647340665075584,21.948997697131844
122,weather_daily,T732,mintemp,732,46,10a7d4d7b34e65346f9fe6b3dc25000431b2ccc4c5908b16f1582bee68083e5c,5716,0,0,102,1605,7.6,5.152883779851971,10.18338065878306
123,weather_daily,T734,mintemp,734,8,034192844b5dcb250faa9d71e89bb685ed5146a537431b2df43932caaa1fb156,19960,0,0,140,278,8.4,5.395374692415158,7.475897793851357
124,weather_daily,T746,mintemp,746,98,222b74e87f710481794e8e9e140cb78db4978161f6d85f0d6e5dc80e19ce78a0,22882,0,0,405,2781,7.8,5.200145313964729,13.463338118335503
125,weather_daily,T747,mintemp,747,74,19b1776cc33dd885fcdd1da7d02348c2e9f71261796b846154681416fbb98e50,10829,0,0,2,0,5.800000000000001,3.733641130342322,5.429444352252219
126,weather_daily,T757,mintemp,757,94,1f8d291dd50e648e3ee644f9c8b3f2acaa9cfdd02169821ce5382c3cf9fd4b6d,10829,0,0,63,1584,9.8,6.268324606967406,15.133503486241294
127,weather_daily,T772,mintemp,772,64,16a01119e5b27fa89394f24a25179ca8ac72fdf68e20b9581699a83e609e948b,19959,0,0,335,1716,2.5999999999999996,4.010743230903167,8.545471533335114
128,weather_daily,T773,mintemp,773,27,08758279fa8951ef945b7418a7ed23f725fee1e9f4cedaaafb491b8844ce27af,8272,0,0,0,0,6.1,3.799286448249174,4.387912208055411
129,weather_daily,T784,mintemp,784,113,2938ecb89780396b60dad67a6a13596c6c404e179861cac7db4c457b52c3e75f,8638,0,0,33,1247,8.6,5.592239075462876,12.38224998792001
130,weather_daily,T789,mintemp,789,103,23b6db8e73cdde425a76e6f51cb476022546f06b760208f0ccc86d7ba95fb6d8,4985,0,0,25,623,8.5,5.6904224430180825,14.70999725016894
131,weather_daily,T794,mintemp,794,25,07748e7d88cd66e6c55d201ac9368690bee99588c64ac8622b478003cc260d32,18865,0,0,10,44,8.7,5.359352341897549,7.745305233759776
132,weather_daily,T796,mintemp,796,60,15bd68b4be34ec7ab1f3f972f2f26f7ce6396c7f364696b3c60b7c1955e0f58a,9368,0,0,7,17,5.8999999999999995,4.4267381341594625,10.365063524686764
133,weather_daily,T801,mintemp,801,124,2ce9e0c6a480e478b2f230dd374539b857ebb081dedff861f714d7b9d781db6b,18272,0,0,144,581,9.5,6.24394784055575,11.765285714171354
134,weather_daily,T806,mintemp,806,44,0fb550f6f487e7d16f292b72ecf667c69205b1a8460ce3943d029f61111706b8,58676,0,0,0,0,7.4,4.436108788350702,4.2291714529828015
135,weather_daily,T814,mintemp,814,71,19101ae78f2a8c35f1bbef79bcf4787402cdf050957e54db38ebbc2b8e4e5a28,39319,0,0,370,3972,7.700000000000001,5.772523043435961,16.170577254282136
136,weather_daily,T819,mintemp,819,57,1409304fbb72cb87046920e2d858171914aa4e63adc3c2cb5bb1366629aad406,18134,0,0,225,701,8.100000000000001,5.788629287986032,13.00004479946668
137,weather_daily,T827,mintemp,827,77,1a8064a1cac7c07ad53b72523a81ccb827faceddc3b9cf005c5c3f1afa6f310b,9733,0,0,42,422,8.3,5.875717412877666,14.556460681329373
138,weather_daily,T833,mintemp,833,21,063759da72f9e1fb20bafeda271a5fd5e6a2782f336f04654eac07b09b4ffdf6,19957,0,0,132,1135,9.7,6.684687145254487,18.2881124537463
139,weather_daily,T840,mintemp,840,83,1c57b9369e633cc928ed2b68bb7a0ad71e552cac72977c5d01934c7bd9e895f0,4255,0,0,5,40,8.55,5.573332239220429,10.83545331457715
140,weather_daily,T843,mintemp,843,42,0dd2232d442da93ea644ef58456af35b0e2a0c1f6ec2a8d86ebe0a396688fba5,18134,0,0,125,381,8.0,5.585942656173063,11.270771415693392
141,weather_daily,T844,mintemp,844,120,2b1d0da404d544560ca4a4edf0668af2219a73b1e0b4baed16a6def774fdbeb5,18865,0,0,32,386,1.0,4.331060500711311,8.282567048430032
142,weather_daily,T851,mintemp,851,32,09f6462ba30cf1b04bc935077877d80111f0633f52813617b4806edd2769a9b8,1333,0,0,2,7,7.4,5.302579615718325,9.019025609691884
143,weather_daily,T857,mintemp,857,16,0534c10087c4c42a4447648c1ed8e43cacd15a67b06fc41a0b057a091f9ae669,8638,0,0,6,31,6.5,4.7560234382589694,9.814877370684377
144,weather_daily,T859,mintemp,859,35,0b13bb8d0b61b45ca72888fdfb89ff54f2496834f61253d045cd58fd049ffaa5,19228,0,0,15,34,7.199999999999999,4.930807449289404,9.54336363414792
145,weather_daily,T876,mintemp,876,88,1df12436e55197755fd7009e1a3de4dca2e80d948ce3b706874a434c07c7878b,6081,0,0,3,31,7.6,5.02601580415736,8.576965493795138
146,weather_daily,T882,mintemp,882,89,1e09e09101c8b6d20c5db438619fc7d7f7829a6cc95cedc6d7786f2aaeb99f04,9733,0,0,4,19,5.200000000000001,4.190319205804541,8.668586277986602
147,weather_daily,T883,mintemp,883,80,1b5abf7e5fba7e477cbf7d77dc407f5a52859344db523fc33d01d055b4d451be,22882,0,0,238,3226,10.5,6.556417951578683,12.587638836576758
148,weather_daily,T886,mintemp,886,119,2ac2360e6e52e445df90318734cc6b7f07370a3a40b449f9215ec07e38e11e3b,7542,0,0,14,52,5.9,4.4414402442213925,11.654937549661325
149,weather_daily,T891,mintemp,891,100,22840a4f4eb7eb65922442ca50b0a1b913ea76f2a8de66bf08e9fbffadb0778d,10464,0,0,56,698,7.9,5.552903941429094,14.292146155941746
150,weather_daily,T894,mintemp,894,1,0042f8bbe82fc660914066205634eac7bdf1cff3e1631627bfcc2592241e92c7,18134,0,0,11,46,5.800000000000001,4.293840965713916,10.63188459464638
151,weather_daily,T900,mintemp,900,90,1e1f5357a4899be3cb2ffe3c4ac481272c6acd148f3de19dd290f6fd26ef38ec,40049,0,0,113,511,6.3999999999999995,5.050613389648696,13.35282132106618
152,weather_daily,T906,mintemp,906,97,212d9577b4f8ba7c93ec034f7a4f6bbda480aadc58001ef356e395c01cbb7f2e,8272,0,0,23,24,7.899999999999999,5.1097240647684075,8.806078158125825
153,weather_daily,T913,mintemp,913,95,20f93e5675c8499fdaa1952d4cc92b94f736daf70acc0f0529d7a1a0dd9dbf95,8638,0,0,67,252,8.0,5.805732032275061,14.5383884930618
154,weather_daily,T922,mintemp,922,14,043e59ca94e41be82e664b6607b2f1bc43655b1bdf87f7efeaddd1fae9c76c68,21056,0,0,15,91,10.599999999999998,6.546848656589615,9.631580438688612
155,weather_daily,T925,mintemp,925,11,03ec57bfbaf640531a6cfc5a0d67aa9b8f27c9837e7194de5f2ddc1f1e97638f,10829,0,0,43,158,5.5,4.310389324374466,14.88136949199249
156,weather_daily,T931,mintemp,931,28,08d41c46d2c66c54f277cd45f710159418032b45405b3a59c3fd437caec01e47,19595,0,0,219,2717,11.0,6.847503888384043,13.702728365368428
157,weather_daily,T945,mintemp,945,15,050d66782cb72753ec390dc7530e26b0a0f6593de06b8bac6f83bdc6f4eeb8ef,5716,0,0,13,313,8.0,5.871792646788427,16.49507808268431
158,weather_daily,T977,mintemp,977,115,29a93154648c6d76c901cc6b3a5973efe4199936107ec649e2a5213cb607fefd,6081,0,0,9,120,6.6,5.0788405344719125,14.281176712161509
159,weather_daily,T981,mintemp,981,76,19d7f995bb500a8b72d1c3c3a353b4b5d607e309d72cb989565fb01e17659e37,2428,0,0,0,0,4.600000000000001,3.413262251110545,4.614071542021325
160,weather_daily,T982,mintemp,982,13,0403fcc895240066e7d3bc3fcfd1846f2afdd03fb2fe9ce2bf5dae301a22ca2c,21421,0,0,64,589,1.6000000000000003,3.465278414880906,9.096751791954851
161,weather_daily,T986,mintemp,986,54,12eec03b7ba9db37d4271cf74193a2ca27aae100e15a45eaf98c63e410f55279,10990,0,0,56,265,5.799999999999999,4.08443748761266,9.925175907745077
162,weather_daily,T988,mintemp,988,23,066c0e8d478405698c04c1bcb6fe3319f73b8cb0192df2e4b7fef4c4e92cce10,8638,0,0,18,246,6.0,4.360971572589871,16.897490339178436
163,weather_daily,T992,mintemp,992,37,0b8f62bd2a2388bd2fcfce682d4ade6e229e10df80e73a87330be0ee31186004,3524,0,0,0,0,3.5999999999999996,2.882670079760046,4.488318439125608
164,weather_daily,T997,mintemp,997,73,19981250b3991322846aa707e01f6d36eeac44033ade08d05be5dcf2be54520d,17769,0,0,2,1,3.899999999999999,3.050621032486195,5.731585086615744
165,weather_daily,T1000,mintemp,1000,85,1d61ee097b1cb05e0ef8bdae48a81984d798c822de44f36d4815188cedc59ed7,19959,0,0,49,97,7.0,5.289529934644209,11.417113969116205
166,weather_daily,T1001,mintemp,1001,122,2bbe65880647d9955bc1033bb8892dbb8da27041bbf7a09bd35a1c2c758d7e19,9003,0,0,8,33,3.8000000000000007,3.239899431795787,6.913861484452741
167,weather_daily,T1005,mintemp,1005,58,149788081e37508829369444ed1538ba0d6dcaa4a2314164b0f49d50d6b6745d,8272,0,0,5,17,5.1,3.749059180825393,8.646097698869982
168,weather_daily,T1025,mintemp,1025,79,1af4e5cfcb05cad9d8ece91173b64147648442076b20def80182636b41460c18,13021,0,0,34,519,7.3,5.332888085226195,15.44660488919432
169,weather_daily,T1047,mintemp,1047,69,189014b9f39a057133bb8b63c7dd5d0ccead0cea88dfe6d77e27e695e06da2fe,7177,0,0,64,279,6.0,4.351134387760537,14.907290071428978
170,weather_daily,T1058,mintemp,1058,105,23f60b1c0df27a6e9d6100189cdcbda14d4f4b057ad393f7ba6946df9327dd09,21421,0,0,294,5790,2.3,3.3248896962100147,6.538383464660954
171,weather_daily,T1064,mintemp,1064,65,170b5f021b1bd2a6e667d7ef71b4b8fc38c34bb10887d09be7dfa7509ed4e67b,17164,0,0,95,236,2.4000000000000004,2.832203028207542,4.714055960183924
172,weather_daily,T1068,mintemp,1068,70,18c75c48d61e0b3ac22cedc2e92a1d3271e9274527d5c454a62b9a182c1b055e,5716,0,0,23,304,4.4,3.4628335833232886,9.25187159867813
173,weather_daily,T1080,mintemp,1080,108,26ff28e1405ea3f7a4fbb13581456ebf233c8327ed7964063e0f27ef9d94d561,10099,0,0,0,0,6.099999999999998,4.049840674031672,4.0507997242669305
174,weather_daily,T1082,mintemp,1082,26,084f23bcaab60e676808be7832e75b23d394726190504c4d8c366d1041ee019c,19960,0,0,21,69,8.799999999999999,5.566782441946047,8.576989689229993
175,weather_daily,T1092,mintemp,1092,107,251476d43b40d4adbde153bac17ceacf7069e3400c3cbe92875abf78428fc3b7,8272,0,0,0,1,10.925,6.810603363960852,8.843867196088881
176,weather_daily,T1104,mintemp,1104,114,2990a7df4cdf107a741a19d9dac6e001b9250e440166e9554b1e806013c96f18,6811,0,0,10,33,6.1000000000000005,4.273825274916152,13.201045303079091
177,weather_daily,T1109,mintemp,1109,17,057496d6703ce087836001a9e30d2c5c60cf58ced2c426ace87ebf8048495217,17404,0,0,10,40,6.800000000000001,5.132728545240326,13.2835838415134
178,weather_daily,T1115,mintemp,1115,121,2bb4ba929ae3733042b4e28dbba69878953fc1f031964ce6c455e007b67e635a,5716,0,0,0,0,7.299999999999999,4.5739765107271735,4.309545494113369
179,weather_daily,T1117,mintemp,1117,10,03d2c59c073269f429e25805ae4c1d64e4654c59376dc4b1e424cec47d5635ea,9368,0,0,22,265,6.699999999999999,5.301607907554106,13.66214342220573
180,weather_daily,T1140,mintemp,1140,101,230ac2cfcb56485cfb2999abe4515c247cffb6de8cdb4d31c12131ee41003073,19960,0,0,36,135,7.4,5.4905227091852336,11.998721441948044
181,weather_daily,T1158,mintemp,1158,5,0302857746f4893fc90ddaac7974aa719bfd01f8ba58c75cbf878dc61887ed29,21056,0,0,33,255,6.5,5.323010746068142,7.33794018888096
182,weather_daily,T1166,mintemp,1166,93,1ed8180da081162ff6017d8ec467ef8b3e93e7c4b7eb2e512fe3039d2d2e0715,10099,0,0,19,153,9.500000000000002,6.14088305863511,9.065905115740826
183,weather_daily,T1170,mintemp,1170,33,0a830dda860215544ec74ee95f6ef264a17d4005a56444a0bb41682bed964447,22882,0,0,0,0,4.600000000000001,3.306238060341263,2.956420758791763
184,weather_daily,T1173,mintemp,1173,81,1b9a4a074c501cddd706795117c0f71e5d386dbe791519983a1772b36af0829e,19960,0,0,35,120,7.4,5.553633284528807,13.67194552839717
185,weather_daily,T1181,mintemp,1181,22,066a474b62c9a33ab4fc4b5eaeb5f8f8fce2940a00bc628a029c153598a975c9,9733,0,0,0,0,6.800000000000001,4.594554563291521,4.789610234625698
186,weather_daily,T1195,mintemp,1195,106,247130bbad2640ff894280c9fdf6e973878747c56711c868c45c7f47d0012852,9733,0,0,0,1,6.599999999999998,4.846053984287711,6.073273990948429
187,weather_daily,T1197,mintemp,1197,56,13e395d35b7bfe774a4c9935acfc3ab567e3d8a983d59b3c189314da4a2b28db,19595,0,0,5,45,10.6,6.698201507544704,9.004510578360197
188,weather_daily,T1201,mintemp,1201,99,2239e2d9f9e433f457c6d10929302890131b7f6ecdc31e5ea39554099cd7f2e3,5350,0,0,0,2,8.475000000000003,5.66394873755526,7.701211818438425
189,weather_daily,T1206,mintemp,1206,41,0dc171b3021745b02b22759ab2ecb63dc31c1b5aa68f5fcd50654243fbadba96,7542,0,0,0,0,3.5749999999999993,2.6262395404007286,1.5757701824895778
190,weather_daily,T1207,mintemp,1207,82,1bd8e75f7cc9b7fa2bfb6e463717912f9bd7c8c6bcc6dfaeca13975eb934d8f2,9368,0,0,1,2,10.099999999999998,6.539064027801439,9.836258369667224
191,weather_daily,T1215,mintemp,1215,63,169633093ea80723db62c8e33caf4eb574569c2d949fbd0c0edd22899b93de5c,48028,0,0,9,13,10.7,6.710995173139808,7.877956414206773
192,weather_daily,T1218,mintemp,1218,12,03f55ebb6e644274c241e25a21c236fda7d91b4eb1010118464dbbed5c7b5820,6446,0,0,0,0,4.399999999999999,2.7672569839021133,1.498314728895971
193,weather_daily,T1225,mintemp,1225,112,29021811b41541e2dc55fa269d4a895edd177f71dfb2e65fffd9404197fe2a4c,46257,0,0,12,31,9.5,6.152635354854279,7.936077635822133
194,weather_daily,T1227,mintemp,1227,111,28f254a4b7c4c156b1f3c1d0a817d615fe325edce39f615b4b69f8861e38b127,12290,0,0,21,41,7.5,4.89623882214668,11.957182266758522
195,weather_daily,T1236,mintemp,1236,39,0cb91b9c7f8fc406110b597de7f646ad6f8402b92384c46fd5da2fc6163af864,14482,0,0,49,274,10.1,6.997804352572143,15.477178403835268
196,weather_daily,T1244,mintemp,1244,110,2835e86e30ab2bf5645b856839727fa2aeabeac92b087d8be9b95f0e87eea69f,22882,0,0,0,0,5.5,4.102938684795094,4.3080065660780775
197,weather_daily,T1246,mintemp,1246,68,186c022b4c9e7fbc8b938102a33e8d1cc312d577725f1474f3eac19873876bf8,7177,0,0,44,377,11.500000000000002,7.563084733399898,16.04517237026174
198,weather_daily,T1247,mintemp,1247,123,2bc23a462da604b4eb856694098fbac5c2a141df4304cc5232e1dfde242c0a5e,2428,0,0,0,0,7.600000000000001,5.154141475889087,5.557720010189058
199,weather_daily,T1249,mintemp,1249,116,29b298d4e1c832815cba8bac35c2614b9465b512f7ea062ed9f4eea3d4982cec,6446,0,0,0,0,0.0,1.2503979944811847,0.5918923127437685
200,weather_daily,T1251,mintemp,1251,50,11c1c4a2de88b6cd503a352fe53c63da52fd041faf5087aef46b65e3ea2dab3c,19960,0,0,0,0,4.5,3.5501197314779107,3.447453292585799
201,weather_daily,T1253,mintemp,1253,31,09a578c6afa7d7ae005ff40e4c9aa6bfe60f287aba976a9149aa613850895425,22882,0,0,0,0,4.899999999999999,3.4019281650732873,2.2994597296906263
202,weather_daily,T1255,mintemp,1255,96,21030b439984bdbaa9bb281e8cc924a0a3ab555a3f7b58949f582bd80f1aeb61,9733,0,0,14,53,7.800000000000001,5.316573140335112,13.42411819269726
203,weather_daily,T1259,mintemp,1259,19,05ed32fe433d18b2622e7912e9c84767dd97aba5f0881a0e525807335ae392d8,7177,0,0,1,0,5.1,3.401908335735448,2.8686998684183687
204,weather_daily,T1264,mintemp,1264,84,1c6873dc6e7cb3d86f5b1ba87f3214f0c41826aa526299ce27f50b25e758098f,10829,0,0,10,98,9.0,6.633295930802868,14.601718306376958
205,weather_daily,T1265,mintemp,1265,36,0b666246126b9e00857b601839d5b4632da324ed591decacd2d8f50cdc60d973,6446,0,0,0,0,0.0,0.9043827291187816,0.4189398825478694
206,weather_daily,T1268,mintemp,1268,117,2a670b39828706a30b30607681b106c4c48bdd75381b637848e02b0a13ffb8e0,6811,0,0,0,0,6.199999999999999,4.214098287978594,3.7535223134054823
207,weather_daily,T1269,mintemp,1269,62,167c5ffc106a8ed76b06dba444d3998eb33018a8ca7a4bbc25ab2c88c3cc1a66,19230,0,0,0,0,3.1999999999999993,2.123546605580282,1.0505240918829102
208,weather_daily,T1282,mintemp,1282,102,2337fbdfee395d22dd146f3e31fd18aa931418d508c6f7f57f83c6587265a64d,6081,0,0,0,0,2.5,1.971838867252094,1.9353585405477212
209,weather_daily,T1283,mintemp,1283,109,273faada7466949aa3594b9d0880d530cbc7fa6f19e550a48dc59be3768a79a4,15265,0,0,1,0,5.199999999999999,3.9885365253062175,4.382288268944142
210,weather_daily,T1296,mintemp,1296,20,0606182e62af7d8986f4944b51018b4ffd7e7ddc41acab4231e66d806f396f57,16673,0,0,0,0,5.200000000000003,3.4637994989459586,2.1024658938315675
211,weather_daily,T1297,mintemp,1297,7,03385a6c196ad5b7dbd372b70490a83603e35cb65bb2babb356d5c7f041c8687,10464,0,0,0,0,5.6,3.706310674109822,7.589333220763003
212,weather_daily,T1298,mintemp,1298,34,0a879b7999d081bc4bb70ac930f6a109b806594972d895bc0235b67b99fb4f1e,14482,0,0,0,0,7.799999999999999,5.2258016613022455,7.47423633123297
213,weather_daily,T1308,mintemp,1308,6,0330f551f2aa1a76f9f16c0129b6148fb19530add0ce80c071a580fb607d4359,19230,0,0,2,1,0.9709028998242992,4.49262944187884,3.517903679324753
214,weather_daily,T1315,mintemp,1315,118,2a7ce3d865a6061dacb2b2a777423ef32803584dae06a8a8975c7b6810771f54,17348,0,0,0,0,7.699999999999999,5.19919091460334,5.213107812889426
215,weather_daily,T1321,mintemp,1321,47,11120ae10845c1eda954f1ab2b7c932361c8b92cce94dd6b8370604a5c64735f,8638,0,0,25,320,7.0,4.850370114916123,12.807227574108673
216,weather_daily,T1324,mintemp,1324,4,02d8b1d32888bbec982f70b8032ac2013bf536a5b44d8144052ba8e2a9f9ee45,18134,0,0,133,350,7.9,5.317946879945139,12.97741061745366
217,weather_daily,T1325,mintemp,1325,38,0c89afa0d728280b9eb1e524ba13046bf59f8c8b7653e11fc5dcbd7dda5388c7,9368,0,0,5,25,10.5,6.734132347060459,10.603909987629612
218,weather_daily,T1326,mintemp,1326,92,1e624e85acf741b8bc23eca50f2fb40c7f67d95613d6862c210e7671c3376707,8272,0,0,23,66,7.025000000000001,4.844438942042688,10.562279855765704
219,weather_daily,T1334,mintemp,1334,55,13e028c0574a816af0924c3a68a7afdfc9f310102259d65fa58267bc7e93d0e9,12655,0,0,3,0,7.0,4.9220611927536835,4.758324757708157
220,weather_daily,T1342,mintemp,1342,86,1d8ce609eb4b1becd91f70bad104d8c47ff0c986a5bc24fce5dd55e164551d35,19595,0,0,45,223,8.6,5.828577299480112,12.606173912645394
221,weather_daily,T1344,mintemp,1344,49,11857cf4d246733ee997c8332a08d726ad6804115fc2ccfa26a6719d0faef98e,26170,0,0,83,593,7.9,5.334585084308231,11.630507938892604
222,weather_daily,T1359,mintemp,1359,104,23edcf597f525ed51cdc9d6e6a47505a296bc8ff7b3b8a12ac01a819ffbf217c,12290,0,0,0,0,6.899999999999999,4.6905562490714985,5.199886540849032
223,weather_daily,T1360,mintemp,1360,53,12b37ddba0416f111d6fc99e0ca479172d37a49831b19dbcf43a784c49c7f6ed,19595,0,0,172,263,7.199999999999999,5.091296272512402,12.310535692999135
224,weather_daily,T1361,mintemp,1361,51,11c3064100ed4544b83c8b0138d1c2666c80f13189effbca2ab6681558e5d5ed,3159,0,0,0,0,2.099999999999998,1.48244651225555,1.1954270015298991
225,weather_daily,T1369,mintemp,1369,67,1742d7468e47afc7b5820be19ea8892bf51f878e71f37814b80f577275e559ba,12838,0,0,0,0,3.5,3.1818677192083524,10.261285377450626
226,weather_daily,T1370,mintemp,1370,72,19854116e70b6ea86ac1cb7778506ae2dea4f4a318ab842b023d03aa4923a6d2,22882,0,0,3,4,5.000000000000001,3.582520700018754,7.076319637841198
227,weather_daily,T1377,mintemp,1377,45,0fcebc137907fd94248b84c62400a55c3c400a9d4f513807e83a484a9fd154ad,6446,0,0,14,285,7.3,5.016907547624032,13.660896785574522
228,weather_daily,T1383,mintemp,1383,75,19c02299a0c85617a985192282d2322fc472fdec384f87829397a1c4cd4bbe8c,19595,0,0,9,8,7.699999999999999,5.24062942672473,8.67694941924041
229,weather_daily,T1419,mintemp,1419,61,161060361f14792388c4866e1ff8fead454b53808116eb1d9ec03de2c8af9b72,2794,0,0,0,0,1.7000000000000028,1.9742497558195464,2.238358221376173
230,weather_daily,T1421,mintemp,1421,30,098aeb167ee215e8452672ae921844af72c3f3990c7f9bdd84b9dbbb2670ed54,7907,0,0,0,0,4.200000000000003,3.486963230296327,3.529737114081705
231,weather_daily,T1424,mintemp,1424,3,022b5a6e37df566dbe7c866a62a61ccb65575a7d13f03e92a43bffcfe28c291b,2794,0,0,0,0,2.3999999999999986,2.2086839266635794,1.8486814250250816
232,weather_daily,T1433,mintemp,1433,24,0761af7580c97965fa073c8982ca3411846379dee1faab66b24754a44f713cc9,18499,0,0,2,2,6.0,4.309064911395237,10.406269634644794
233,weather_daily,T1434,mintemp,1434,48,1157603e881b245b6ba00fa3bb25c1af080f2c2d545602449cd7b4969eefb03e,7907,0,0,0,0,6.800000000000001,4.843551829280146,4.338661375077581
234,weather_daily,T1440,mintemp,1440,52,127a9a63baab6267fa2aa1064d026bbb8e8378c00b8dc26d4358084a7abc78a6,21056,0,0,0,1,7.699999999999999,5.106977575476035,8.084834003287954
235,weather_daily,T1445,mintemp,1445,66,172f47accd7d9c79f6a4502d2e2b805df8b8de6f2b1e687bfae3e743ab10a4f1,3159,0,0,0,0,7.100000000000001,4.905353004865828,9.518513090483363
236,weather_daily,T1447,mintemp,1447,43,0f0dc3a672fdd195a97b43026b6c50c7b7b45372cf32098b166275e1c6614879,25074,0,0,0,0,9.3,5.9707763510949725,8.069811672982055
237,weather_daily,T1449,mintemp,1449,59,14cb57a2d69a3698b7d99faf5c20d51bf6af183ca36e70332a5cfefa5e661707,12655,0,0,0,0,6.100000000000001,4.449864568649486,5.836534547018044
238,weather_daily,T1450,mintemp,1450,18,05ba522c80246f39d2156328ae4bf59110f55d44192055e507301653ebd2ed05,9733,0,0,0,0,7.699999999999999,4.98003186613353,6.8440940089211155
239,weather_daily,T1455,mintemp,1455,40,0d3259e9002d0501b29160fe33203c3432d8f43b2b5dad8464df8e7568fe7afc,7177,0,0,0,0,4.199999999999999,2.902897616331456,3.6611002786143856
240,weather_daily,T1456,mintemp,1456,2,017b5bd40e4965c30338a1da467bed689a230c4e7a2ef1baf9371b939eaa5f46,21054,0,0,0,0,4.5,4.972545934261887,6.313490259867644
241,weather_daily,T1461,mintemp,1461,91,1e22a14e5875b4694a630230fb0921815d7ca3338a7657ac265ae5efd45484bf,9733,0,0,0,0,8.600000000000001,5.246343951457663,4.361378890500988
242,weather_daily,T1462,mintemp,1462,78,1ab8274201a5e76771d23ff5010af586fd3c0c89d4de9b6442a9781ce1d149cc,17402,0,0,0,0,8.2,5.362498137169331,5.93163793360286
243,weather_daily,T1463,mintemp,1463,87,1dc6b26bfb33bf2551bb1eb3b2b792b471670415a0d88ba8847bb18fd04a33ce,3889,0,0,0,0,5.600000000000001,3.4143147375388323,1.469898387453921
244,weather_daily,T1467,mintemp,1467,9,039a47d000f716e0632c4848ce0506494817572f2f296448a560c0fdd82079d5,27996,0,0,0,0,4.199999999999999,4.075939744986763,2.677958927679686
245,weather_daily,T1475,mintemp,1475,29,08d42f72a993cfc6c06f4131e7c62e28d33283726456c74ae46f55eacdb76997,24709,0,0,0,0,1.6999999999999993,1.2083291626960455,1.1823490514940087
246,weather_daily,T1478,maxtemp,1478,52,11f364a1f899363a801ce8cde5717fdcbdbdaefa7052902f5aaf6d74f8fe3a6b,4254,0,0,0,0,10.8,6.873046657918693,10.8162060654288
247,weather_daily,T1479,maxtemp,1479,37,0af6f575147cc1eeea9fdb1958fbda3ecc2d2110e991d5a9c67c6bfba1cf4b75,8637,0,0,0,0,10.999999999999998,6.90551221965239,11.08625827409407
248,weather_daily,T1483,maxtemp,1483,122,279b67557c37ea65fcc7c3a7881c822914e23cc51ccf9ba1e593259e3de653fd,10828,0,0,0,0,10.0,6.73646515524298,15.431813811101009
249,weather_daily,T1486,maxtemp,1486,113,23ce01bf89f7cdb60b5888d55e04e5fd58dee7d0e9e2d0f066666504b2f04481,14914,0,0,0,0,8.9,6.2260408679004255,15.925891758700692
250,weather_daily,T1488,maxtemp,1488,51,1190681c74cb31496ffe5cb1f9be4a5fd0dc1f26d53c649c7770fa055905f3ee,8637,0,0,58,169,10.8,6.966546993352024,10.46711292743016
251,weather_daily,T1493,maxtemp,1493,101,1fcebd5cef34ab1bfae32e0d209e0b2056f791308861d4db2bc3984c1d06c82f,10828,0,0,0,0,10.5,6.792824666914477,14.572664999084818
252,weather_daily,T1498,maxtemp,1498,98,1f2af632c504090db0c106235685c9066f20cfd3974cfe28a513b221c57827bf,9002,0,0,0,0,12.2,7.539517285796484,10.949305730919278
253,weather_daily,T1501,maxtemp,1501,70,1826fd177f4f7b51b0132149efe60184478b60b192bf104937132681141c0c9f,6810,0,0,0,0,9.1,6.30566942071679,17.606368948192678
254,weather_daily,T1504,maxtemp,1504,7,01ec4073991c3856c44ce6d72905bf1aa71c5968b0deac14d846a9a3f83635d1,2062,0,0,0,0,9.6,6.596441986170867,15.784722236768982
255,weather_daily,T1509,maxtemp,1509,61,156702d55b36c33fb87876d1ead03c951d86d905f2e2e12e166636cf3e7a7354,18498,0,0,15,29,9.1,6.237506548985096,10.417920627262864
256,weather_daily,T1520,maxtemp,1520,120,267c28b3ce3e5df90f2f6ffa26f8475975ff248997452597996086ec11b4ef5e,19958,0,0,1,1,3.299999999999999,5.282349563514683,12.115802639286205
257,weather_daily,T1525,maxtemp,1525,72,18ad89458fdbf78a89ca27f53ca4a10feeb7b0518be556a6949d4c6be66f36ef,17768,0,0,1,0,7.300000000000001,5.436623398245364,15.43822096530512
258,weather_daily,T1530,maxtemp,1530,78,1a5c374d853df85605a5dd17c0a90ec52492ed8c9bb76577173fde6dbfbdbb00,40779,0,0,1,0,10.6,6.8484677720977025,11.216185932799617
259,weather_daily,T1531,maxtemp,1531,14,04b8eeb1b3997bc8a768d4145e9b1618f24e0c7e282152d4851144e3430306e4,10828,0,0,0,0,9.6,6.423913091878392,15.549718905690682
260,weather_daily,T1538,maxtemp,1538,59,14b1fa15396e971afe236451c774afd30bfd5a59ee3e680ed17f674314494e83,15930,0,0,0,0,10.6,6.833500666541785,10.85576042639228
261,weather_daily,T1541,maxtemp,1541,63,15cdf73db830a99a6e3628c0bf52e039f9eb387c5ddd5c507feb10a4ad1eca62,9002,0,0,0,0,8.299999999999997,5.905996427831423,17.844195283640012
262,weather_daily,T1543,maxtemp,1543,80,1b79c5d23a620f83c9b420f6a94ffd1ecce20e0fe9ba91763474626de15c397a,19504,0,0,0,0,7.900000000000002,5.532217439878327,15.743289237262069
263,weather_daily,T1548,maxtemp,1548,58,13df31c9bd761ee8cb89d52c50c2abff9066321709478b687fe774f582199b66,29456,0,0,0,0,6.799999999999997,4.894253266519557,14.839092940639064
264,weather_daily,T1549,maxtemp,1549,123,27c187b276659d83440f523e7e1bb2c8d63063dd5e660f835081d57ec5376f2b,18271,0,0,0,0,12.5,7.674347597023893,12.96566351001328
265,weather_daily,T1550,maxtemp,1550,29,089f657a8f01ec2c7e90384e47708711d0cae1b98a1fdaee24fdfc2f7ba69b4d,19229,0,0,0,0,7.5,5.3676346478401165,16.414585766672065
266,weather_daily,T1565,maxtemp,1565,9,02abab4f6fa60b4c0594cd4ed0c7efbad91588867971e48f7a85184da819d8c0,10828,0,0,109,1611,10.5,6.697467679319551,10.288414886240831
267,weather_daily,T1572,maxtemp,1572,23,06bacfba9c9a92c4652f6de696113a6d435e0fd2567bd0c41be33440b935b866,11924,0,0,0,0,12.500000000000002,7.6394177926877,10.695716815107254
268,weather_daily,T1594,maxtemp,1594,27,087e11b8761f003ffab7a1ccb236a3071f270eb85d88ee7d99da400de8d859c9,9732,0,0,0,0,11.5,7.209718382484684,11.257610092614708
269,weather_daily,T1595,maxtemp,1595,103,20d1d963f08a1ed1fab112064ce781007475ab559f604cb7a33a0e8b94ed4a20,6228,0,0,0,0,8.5,5.950514995256328,16.839105293258132
270,weather_daily,T1601,maxtemp,1601,49,0f81f21b0c6eb9db806cc151e657b611761110041c62a3df43f75af89272f7d5,27264,0,0,0,0,7.4,5.603694787136343,17.01918383081565
271,weather_daily,T1605,maxtemp,1605,28,089189dc582c5789b973ce89b7b948212d99062071853379bff244bbc6fb5f20,8637,0,0,0,0,11.7,7.499335751154519,14.384600897788438
272,weather_daily,T1610,maxtemp,1610,53,121ac624483905ff59566e2e3ec893a0463754c9771341d357b94c82133b7fbc,18864,0,0,0,0,11.7,7.300394139394983,10.964261174608293
273,weather_daily,T1613,maxtemp,1613,8,0298a964bf8079ce131f40f8712847ea89ffe216c3bd16a55ddcf5815b678dae,18496,0,0,0,0,7.824999999999999,5.710453232168186,15.853801186186992
274,weather_daily,T1624,maxtemp,1624,76,19efc2621bf4d83fe99c3bb4164d7b4d925339f4518213511352b814ed56ff02,6080,0,0,0,0,10.1,6.594154513337743,10.210623721187858
275,weather_daily,T1629,maxtemp,1629,54,12a2373425aa05487dd0bf807d25dfc4dcf3fdc31d7768068bcd91ac8b0d724d,19959,0,0,0,0,10.0,6.518007352803255,11.036011141211684
276,weather_daily,T1630,maxtemp,1630,47,0ee8ce8851b7cf03f6a8746e811ba63c7dc454a6e39da27d62ca1c2eecf3729c,9732,0,0,0,0,9.9,6.947115253243049,17.265264383898682
277,weather_daily,T1634,maxtemp,1634,100,1fc7da4f944e04e446b43dc5804e59428d532fbd364b37db8a94623801344ccc,7541,0,0,0,0,9.0,6.528166445119634,19.102393404897107
278,weather_daily,T1649,maxtemp,1649,13,0477b6103df0b789b9cc63418ca083897b6a3beea9ab82c7bc609a0da7c989df,9722,0,0,0,0,7.9,5.737385661396532,14.933518533566913
279,weather_daily,T1652,maxtemp,1652,42,0c83c9a46fb475eadc7deed8ce02867be9255d3a7df7c87928c2dcac747fafdc,19594,0,0,0,0,10.8,7.12292040620303,14.995716565692073
280,weather_daily,T1657,maxtemp,1657,67,174f409c7c03df650ea5cef46eb10e3d5479cb8b201eee012d568a5c35746697,6810,0,0,0,0,10.7,6.752638096593685,8.829654626780586
281,weather_daily,T1659,maxtemp,1659,92,1da82b33f62ccc08c586e8996c125a59ab7ca819740f49b875952827c630b3ea,10098,0,0,0,0,10.7,6.639384080941498,8.865060820221109
282,weather_daily,T1674,maxtemp,1674,95,1e6c77e01cade7b6a96ccce2e6078a780ba4f20a99ef99d0c0e854e4e4d01c2f,5715,0,0,0,0,12.3,7.730584252984699,14.5134401937744
283,weather_daily,T1685,maxtemp,1685,12,0422083b27bdb626b4b09bbd10795bfd3bb6061d5fc6937c3c96e845dbecc5f1,7176,0,0,0,0,9.1,6.637610631946729,20.146801846611886
284,weather_daily,T1692,maxtemp,1692,6,01e467b5a96d34f31fbcc167aa66c4a6e4979bc0d79387ab2cbfbcdd1f7bd50a,4984,0,0,0,0,10.724999999999998,7.311298199748382,19.36575054009031
285,weather_daily,T1697,maxtemp,1697,55,12c20b8de97c530fe78fd7755afd9e87b11b835af5ed9693b4d645b99768f86b,19959,0,0,0,0,10.599999999999998,6.9342889013452345,13.970998168646837
286,weather_daily,T1698,maxtemp,1698,3,016e63e9e6660e42956aa931b2de82f76182de43abc9602fde2c41f4e2f7bd00,40048,0,0,0,0,5.199999999999999,3.5829600374425525,5.681002545411722
287,weather_daily,T1703,maxtemp,1703,109,228826d7e54005f0e248a3c75651f6e107e9320b35b76e8b069398453b16d084,8271,0,0,0,0,6.900000000000002,4.856873721276215,10.49865317091074
288,weather_daily,T1714,maxtemp,1714,56,12ee47134d838054000f3d03dbe267c80d864c11036c2a8284ae6a227d7cd5d3,18131,0,0,0,0,7.699999999999999,5.255361681293355,6.326375378064623
289,weather_daily,T1719,maxtemp,1719,71,18a04b377b1ca3809d8f6c8eb76db5a5c628b710235aa988f697ccdeeb586361,21193,0,0,0,0,12.299999999999995,7.613734509371787,15.025253844868953
290,weather_daily,T1723,maxtemp,1723,81,1b87896fbc6622d012a7b37c60b915b9d7b978a5a4bc6af089881e76ee6a5f81,13385,0,0,0,0,9.2,6.703718678257535,17.522246706374375
291,weather_daily,T1731,maxtemp,1731,102,200f006ae7f8927fddf335ebaddf1e0bbfb7e96fd083c5246a92257f952ff8c7,14481,0,0,1,0,7.699999999999999,4.959927819463365,6.7516680789526475
292,weather_daily,T1743,maxtemp,1743,75,18ff588cb52050ec0ee670b12540f63dace608950d5669739927ee57d50e49e4,19876,0,0,0,0,3.8000000000000007,3.344940103537137,7.070410833715698
293,weather_daily,T1746,maxtemp,1746,60,15073c4ae4e942cbf4a71c9af853e52ba66d290873984540169177ac38073233,7541,0,0,0,0,8.400000000000002,5.527774411985776,7.935226945025561
294,weather_daily,T1751,maxtemp,1751,88,1cc9439e33d5d82b5d67fd379f521d1ef98ffd0f05e39066a108fd64d9ddbe02,5349,0,0,0,0,9.6,6.848879634040227,18.431113078922618
295,weather_daily,T1753,maxtemp,1753,73,18b9b488887285015a7b6086772d3518f38373d004d22238527387ee3f722b08,5349,0,0,0,0,12.900000000000002,7.971678725243875,14.198046408051162
296,weather_daily,T1754,maxtemp,1754,124,27c92ecba1c78dd236a8acd0bb630eb84956060004f47f106751e1649f1feea7,3158,0,0,0,0,4.700000000000001,4.407147878184982,16.934849665442037
297,weather_daily,T1757,maxtemp,1757,50,0f892165b8e59ec592bd99938688a535efcc2934d79592edd4efc75a15457bb7,9732,0,0,0,0,8.400000000000002,5.666983780199796,9.638376448877178
298,weather_daily,T1766,maxtemp,1766,77,1a5743261323d65a7d39905556c24e0fce80ce2491665ab8cac3e7eb602a5f64,7906,0,0,0,0,9.9,6.954027469360368,17.188358337956377
299,weather_daily,T1768,maxtemp,1768,38,0b0cce52fadce7ca2fe24e5cfd1c4d83a2e9fa2472ec74ba1a3b15663f537baa,7906,0,0,0,0,6.0,4.342548672838192,11.129181612239512
300,weather_daily,T1769,maxtemp,1769,83,1bfb84dddb96a9df2624bf92014c9d7cf33aaa6f7274912d290188849fd879bc,19594,0,0,0,0,7.5,5.246245916541941,7.624727372731765
301,weather_daily,T1783,maxtemp,1783,25,072fe3a2f68b2bf4e4d6f7c332f14f413b9695ed9bb3c062c4659e719a076abf,2427,0,0,0,0,4.799999999999999,3.839476838052091,8.979190885309684
302,weather_daily,T1786,maxtemp,1786,57,13a693c37753e07c08c70380e1ee8c640e834534f26c4205e3bdd2cfe19a1f75,27630,0,0,4,2,5.9,5.310392624900576,12.96380615158875
303,weather_daily,T1791,maxtemp,1791,68,175acd2d1af5f14842248668d6f828b8110df44cefa1e83b8a14aee62d4ae42d,10098,0,0,0,0,5.0,3.6944001963020736,6.047682183334763
304,weather_daily,T1797,maxtemp,1797,16,051e9877cc7c51106a7361cdd3df596535999d32b108c4d63e264198c2f0638d,6445,0,0,0,0,10.299999999999995,7.114469602707483,21.38194332080428
305,weather_daily,T1817,maxtemp,1817,26,074dfeb16f9f7db438649e96a9b3a5ff4a9715032a46492c47264c85b5b96da2,13750,0,0,1,0,4.099999999999998,3.0377440486358047,3.464347873602662
306,weather_daily,T1822,maxtemp,1822,35,0a9b7b82b03f0845607892b9ff77f5f32c29387de2fa90a9ac5757eebecdd06b,19594,0,0,0,0,8.8,6.598806225382064,21.068404379281674
307,weather_daily,T1827,maxtemp,1827,99,1fa4d2a5f8dbf3c1db30c264b9a8dd61d2d8042f65806e73f2f412f5a5c7c79e,10098,0,0,0,0,5.100000000000001,3.487691852252619,4.687927540329333
308,weather_daily,T1832,maxtemp,1832,48,0f0f9f45a91da5035b9b5ddeb18ad86159efaccec130ca9835ab7d552b8569ef,10098,0,0,0,0,8.3,5.558254021439934,7.62553778192817
309,weather_daily,T1833,maxtemp,1833,44,0e4e6e4395ac90f474e9a0ff18f05a466559d29f37a7986f22a2ddab0c683240,8271,0,0,0,0,5.300000000000001,4.17460324081255,12.410525796836332
310,weather_daily,T1839,maxtemp,1839,107,223f8e3294d390d6dd33c40f5b75ef0d95930c22ac54f8a12fadf8ce5f5a4541,8271,0,0,0,0,12.599999999999998,7.749899238815615,13.04141710719451
311,weather_daily,T1855,maxtemp,1855,93,1db70d45287565c0435832e25e53bee027f065d573076edbd465f9ac8eb6e073,29456,0,0,0,0,6.900000000000002,6.099190467521679,13.360972415317732
312,weather_daily,T1859,maxtemp,1859,84,1bfc7c4acf8f26129f8f1f6ba0bb498d2abbf6dc767e71e70e6fcc480d005229,8271,0,0,0,0,4.699999999999999,3.2238140577033403,3.781494125099187
313,weather_daily,T1874,maxtemp,1874,33,0a22a7cdbf186627bc7e28a2869a169f13a8b2500dc9c47c6f39d34bbe563ed7,4619,0,0,0,0,4.800000000000001,3.6859008850365065,5.86898193591747
314,weather_daily,T1875,maxtemp,1875,66,174bca3425eda90b4013c6dfe8ba90dcadea9c47062ddff04af3a7c1eb22ac1b,28360,0,0,0,0,10.8,6.735774437366309,8.616625533139015
315,weather_daily,T1881,maxtemp,1881,94,1dd6db5ce6e7dc7ec6e777c29abeacedcf24c2b0bb14d67a79c81c03bb2340b5,8637,0,0,0,0,4.800000000000001,3.3927361624853036,4.954135433171608
316,weather_daily,T1889,maxtemp,1889,85,1c0caed5ef8e645c0a65ce61d98a55b3b9bc73e6ba518e3b4270b79282831e38,20905,0,0,0,0,11.799999999999995,7.160123325978928,9.574480782268267
317,weather_daily,T1894,maxtemp,1894,87,1cc7e75fef54dd6c766bf21e22cc4e1970fffd8c9de62939d232d0afff937079,13750,0,0,0,0,7.0,6.20962865095507,21.194941960505822
318,weather_daily,T1900,maxtemp,1900,11,03c2aedf30f30eb85425fbd7b7045beaf311e5f0177eddad56fa0d0939143db5,13750,0,0,0,0,12.8,7.808355437181072,12.649889910063674
319,weather_daily,T1902,maxtemp,1902,65,1684113c54fd12c3752b04ff6f6b38cc5384505cbce8032b4f9c3e881804aa63,6445,0,0,0,0,6.000000000000002,4.860347066158334,9.239675546647248
320,weather_daily,T1907,maxtemp,1907,115,242869c58449f7bd9f31f3625d570a9c813f752344e55153e0344b291e8a3bec,22881,0,0,0,0,8.100000000000001,6.447185226438042,25.31226439341762
321,weather_daily,T1908,maxtemp,1908,40,0bb5340139769eca21c9f5ba939d03a725ff63dfb7ac69ab469968a6515eb68c,21055,0,0,0,0,4.5,3.3015364360901627,4.988657074726528
322,weather_daily,T1910,maxtemp,1910,89,1d26fbe3fab11c2032410cef5f0111d49458f7ac2710e856dc3bb2b181904227,22151,0,0,0,0,2.599999999999998,2.8456229853407597,2.3112863420526972
323,weather_daily,T1918,maxtemp,1918,5,017ea2fcae76e683f53f0ad9d1221a224883fa4bc31f50057e0e2d2902125a53,25803,0,0,0,0,12.3,7.608988524161519,14.555161003827305
324,weather_daily,T1920,maxtemp,1920,116,247d1193760a8d410dfc980a3b0c791372175c7538b9af08a067db15897e77f4,19959,0,0,0,0,6.5,4.71214947637654,9.174083619081436
325,weather_daily,T1928,maxtemp,1928,30,098884f057d1978d6a2ced7845a6db30737abc77c82de33869331ec4f564c93a,9732,0,0,0,0,4.800000000000001,3.251334651326148,3.4253914494974707
326,weather_daily,T1932,maxtemp,1932,2,00d66255c429c4f7cbfe87b236fe54bb092f5ab22f5261d8fabae7f414ce560b,2427,0,0,0,0,7.049999999999997,4.724959368189574,5.229025339954923
327,weather_daily,T1937,maxtemp,1937,17,058462dd70d19aff44aceb7c543266ec2c425b4916f1d55bc55b625e3a7e324b,8782,0,0,0,0,4.0,2.8706217495890973,1.9194464338173471
328,weather_daily,T1943,maxtemp,1943,4,016e94eefeef194963be76563984e285ab809bd002463274e6c80cfa5359a120,3523,0,0,0,0,7.4999999999999964,5.060157483886546,6.093265198056213
329,weather_daily,T1947,maxtemp,1947,45,0e95576e957080392d7c43ccfe01e9eeea60f4c5deb28bc18f66e004191205ef,22881,0,0,0,0,8.3,6.200896013767817,17.418045701960192
330,weather_daily,T1964,maxtemp,1964,20,05d14e0bd7ed62bf19c0e673e661f8c58b3096c251a4305d9d9343ad4ce74045,6445,0,0,0,0,5.199999999999999,3.2675161081720163,1.7679321725264328
331,weather_daily,T1967,maxtemp,1967,22,066e9755cf17f2f02ceb4f5ddcd7a2efe234617e3fdee19ae8829229390fe5aa,6810,0,0,0,0,8.974999999999998,5.963331668003965,8.27357510615108
332,weather_daily,T1975,maxtemp,1975,74,18e13bcacc683db9aaf6de2165014cee2217a70f9f9f976bef6aceb4a37092ab,25073,0,0,0,0,3.6000000000000014,2.818768459822076,2.623461812826671
333,weather_daily,T1979,maxtemp,1979,21,0625a92ffa3a7037307e0ad3e2008760142e641fc6b99caabeb03ae818c37d2b,2427,0,0,0,0,4.300000000000001,2.74104363901123,1.0770578246095914
334,weather_daily,T1997,maxtemp,1997,86,1cafe45aea95520d4e82fcc043320bb2464270f0331310cc5129fe672ef34ea6,19959,0,0,0,0,4.5,3.0979618052785995,2.3273688709923195
335,weather_daily,T2005,maxtemp,2005,31,0a02bfccf4ba6151b3f6c4c8235fe068888abaf4369990e09d50d607eab67a6c,7176,0,0,0,0,4.399999999999999,3.1703406058086148,3.022969161862349
336,weather_daily,T2019,maxtemp,2019,24,0719a821bbf76125bbae74d6d0cf2f119ef1754fbc09e5e9ecc24b42ceb3d660,6810,0,0,0,0,4.700000000000003,3.4728632891408933,3.702814235596897
337,weather_daily,T2036,maxtemp,2036,64,1624baaa1268ae188a4d48bd59d082b9cab9dbb1013c032eec689270311b6ff6,18498,0,0,0,0,2.6999999999999993,5.630579359033262,7.678109648494148
338,weather_daily,T2043,maxtemp,2043,105,20f9f30a92bd55673c99a1e26ff296eee9cbbecbd37761ee901dcf4b1ad90c5e,10463,0,0,0,0,7.449999999999999,5.874440777080733,23.74292510069004
339,weather_daily,T2047,maxtemp,2047,108,2259f75ee13b9d36f88c683bb035bcbab40c4e071cabca09758e68208b8a77b4,7541,0,0,0,0,10.1,6.779541043249154,19.084659111169874
340,weather_daily,T2052,maxtemp,2052,46,0ed5f150f13421f01c8f1ba72faf50ef8c267995bad3210efc4b3f38a60c56c5,10463,0,0,0,0,11.1,7.279282640543141,16.43606113239136
341,weather_daily,T2056,maxtemp,2056,118,2605a9fe3b1394f8be49eea21572da25ff72152a296065a9b177a61c6513fdaf,8637,0,0,0,0,4.399999999999999,4.440153934637674,17.322991194446296
342,weather_daily,T2069,maxtemp,2069,36,0ada4ea81b0847d1fbf2cd1886356f6e1cce2571dbd72758eef898ec539c6896,19593,0,0,0,0,8.899999999999999,6.308604968634772,18.54986612762916
343,weather_daily,T2073,maxtemp,2073,43,0d3c167c96a2748b66511df3e5688d7c293a0c8ea658294b94aa8b3fd066dbb7,6443,0,0,0,0,3.6000000000000014,3.1094695797787657,1.977956655429982
344,weather_daily,T2074,maxtemp,2074,96,1ebc2385d854b7497b3e75b6361cecc8f193db5d3147476d06d47c235a8c73d4,41144,0,0,0,0,2.5,3.2151046379109034,7.356553347898911
345,weather_daily,T2077,maxtemp,2077,117,252356c16180a531c6d02a2463a2ae0cd6347a368bf0aaf92f5c79fb0a878dae,1697,0,0,0,0,5.299999999999997,4.178791550053818,3.33997257045799
346,weather_daily,T2082,maxtemp,2082,119,2655e5b55fcaf4d3e4b90955cb242c99142395f43221645dfffed66742465d0e,41142,0,0,1,0,6.400000000000002,5.468168008571384,17.999212386328832
347,weather_daily,T2083,maxtemp,2083,10,02dae94178e1c8d7660ebc2b5ebad50448d94a376a869fda52db05108cfb6b4a,2638,0,0,0,0,3.700000000000003,2.9584303209401743,2.867978119923697
348,weather_daily,T2086,maxtemp,2086,82,1b87a41670607384c5bd5481fc227e5995dac4163f1782a42412ffd03a6311eb,9732,0,0,0,0,1.900000000000002,1.7434571672749395,1.47676513264377
349,weather_daily,T2090,maxtemp,2090,106,21db5494d8b5a80b8120f5903bf1dec780f96c58f2ff75bf370a9e6a109d1049,26169,0,0,0,0,11.4,7.185539802606907,14.199298874258089
350,weather_daily,T2097,maxtemp,2097,79,1a603da2010ec58ba47bf28bce1f5accaa7304c8812440229afcd41d2c32ec0c,6080,0,0,0,0,3.6000000000000014,2.818882750221315,1.920303236322802
351,weather_daily,T2101,maxtemp,2101,111,23905073523939c209bf606a657243288f12c47b8accd345e78aba2ef23b10df,38952,0,0,0,0,10.5,6.81395080968808,13.112319522340776
352,weather_daily,T2108,maxtemp,2108,41,0c197c6568953d492a6066ebcd118c150b3f62faaf7a9aada5c3c36973b9dbfd,8637,0,0,0,0,11.8,7.349380198461728,14.057113467752089
353,weather_daily,T2111,maxtemp,2111,97,1ef3eb61621ce2d4469c1c6012a65824a32367342b24a31a4203853f26128531,6080,0,0,0,0,1.9999999999999964,1.6848477557983692,1.5325832889397542
354,weather_daily,T2117,maxtemp,2117,32,0a21b3a9311131fc42ef12fff1000ff70e4a6abf861c9f6fe8dbd8abb19fac8f,8271,0,0,0,0,6.0,4.238983196183977,3.68410428891198
355,weather_daily,T2130,maxtemp,2130,112,23995cf04a850b5dc76ee57403dce4fb4b9379abff75800a3579eedf2c9a5ca4,23649,0,0,5,0,9.9,6.805240988634745,17.32199013347984
356,weather_daily,T2135,maxtemp,2135,69,17b8bfa8528a02324618b441e2dc0a2ed7d0e5996ed683ad2b8a376e5c159c80,19956,0,0,0,0,10.1,6.554345051164925,12.32190379636544
357,weather_daily,T2140,maxtemp,2140,114,2420fdd8bc8191bde4ca84a7d0da8e10f63e2e2f92d8c8fefb81bb1ec679b61a,9002,0,0,0,0,7.899999999999999,5.416606093943665,7.632251728496741
358,weather_daily,T2150,maxtemp,2150,15,04cd9bb8e4dc3644ce14bfb31cee2b52088c92b516c68e8102d8b93f7ea37de5,41144,0,0,0,0,4.800000000000001,3.3885405863562132,5.14413436135148
359,weather_daily,T2158,maxtemp,2158,1,00cf3e497630deb0958494379b2d340937909ae7f12941051b2e8495bc0e7a01,2427,0,0,0,0,5.5,4.753547646579637,10.935332769558268
360,weather_daily,T2159,maxtemp,2159,19,05c0bcbb9db9f614f435a7f7418a9cb4bc77ab45f1d6ec78c6532fdb51beeee0,8637,0,0,0,0,9.6,6.4308800617706625,14.544918912098556
361,weather_daily,T2164,maxtemp,2164,104,20e8aa0d41bdf588983e90b8d2cb9d90f164565ae1f6100221ac84ede5d771b0,22881,0,0,0,0,6.099999999999998,4.482685786408611,6.2236863454011555
362,weather_daily,T2176,maxtemp,2176,121,26fcabf6a554331238af61734861768b727ff43915892fcf795a85fd0860bd02,10828,0,0,0,0,5.299999999999997,3.761682414132392,3.92707098582022
363,weather_daily,T2185,maxtemp,2185,110,2298353fe070d74c7dd230d784c01588f84d638d270986eb12785b558405be5e,22880,0,0,0,0,3.900000000000002,3.3684857948721825,5.315164318316953
364,weather_daily,T2195,maxtemp,2195,90,1d39d5781f834d83da781160146ffe5bde863a9949e8a048083f833f210be93a,12654,0,0,0,0,3.6999999999999993,2.7961484725692185,2.445051738145765
365,weather_daily,T2202,maxtemp,2202,34,0a2a6f8d0ef5a871378efc1825474b1d663fde23c21a4b6a906fa6ef37c1b3b1,21053,0,0,0,0,6.200000000000003,5.8158060007438666,7.65634748643969
366,weather_daily,T2212,maxtemp,2212,39,0b4113eb90e386ce00b4dde977e7900a8ebb49da50efa825e54fc6d5a91a4859,22881,0,0,0,0,7.5,4.957212684448464,6.192599114592965
367,weather_daily,T2214,maxtemp,2214,18,0592de6f0b8c47cd7ff30c8577aa3fdab03f5afbdfed8030e1c31cc1efe68689,10828,0,0,0,0,3.5,3.333987293409466,3.07870381682627
368,weather_daily,T2218,maxtemp,2218,91,1d66d388b55087f2e41fc10f78c1efb365921fe682bcefa3515cc96ff57e8338,11193,0,0,70,8766,9.7,6.757583805470505,11.582558757146826
369,weather_daily,T2221,maxtemp,2221,62,15676ee481754f8981ba05478e23ce5b0e60e41c4a732cd968eac14f200678aa,24708,0,0,0,0,1.400000000000002,1.0963195419085063,0.5050150437628417
370,weather_daily,T2224,solar,2224,47,104307ff092782e9f14bae3a60a52a3fb9f9c4bd23f3bd4ea4f862e0c6624fab,4619,0,0,0,0,12.8,8.05329208366025,37.550225261200886
371,weather_daily,T2231,solar,2231,129,2a3459e97dd3d83bb037c97ad2575a76d233cc3c7dd7614ac5cf43ad6c74bb8e,10828,0,0,0,0,12.7,8.110911855961563,42.20913471680694
372,weather_daily,T2234,solar,2234,35,0b1ac4b996de35b795cc7c525dcd3cb20866f85bb39f2394c79f3e74e63410c5,10828,0,0,0,0,11.5,7.881766117328842,58.598990337903
373,weather_daily,T2235,solar,2235,62,16b52412023a14878b79688dfdb02fc20ebc4eed6d0953de5fe6adca40750a75,10828,0,0,0,0,14.6,9.110617322099657,53.06384038987244
374,weather_daily,T2246,solar,2246,20,0648307f1122b8dc6dbceb8c42475406b6132547382091c79db406f97be03534,10828,0,0,0,0,10.9,7.745623590617277,55.53572983231637
375,weather_daily,T2251,solar,2251,85,1d0e844b79151a760eb8fa6d362a433684f8315a63b0a28c82362ec5c98cc21a,4619,0,0,0,0,11.3,7.674942203932471,49.465888555535074
376,weather_daily,T2259,solar,2259,96,2091e776992c80b3b982d1a1491d4caa7c1889c4101c47c63c627b0968869864,10828,0,0,0,0,15.5,9.401478150293867,52.45355167316667
377,weather_daily,T2278,solar,2278,57,1411042e50c14b2fef9042b6353f295d4888ed2876744f77bbfff31933d50084,10828,0,0,0,0,10.8,7.644631873945431,50.94383650986583
378,weather_daily,T2289,solar,2289,84,1badb2cbb6701e40a5aeab4d717a1e23c50a53fdc0499bd55c054b1d1214275c,10828,0,0,0,0,10.8,7.741732125041932,55.166791647938
379,weather_daily,T2291,solar,2291,29,0a097c55687a056c34229012e02054f07156e12ffe91d77501c8ae9a25803d50,10828,0,0,0,0,13.099999999999998,8.28825820903813,40.0270442642193
380,weather_daily,T2293,solar,2293,24,06d48fc78175191e0fef2895ae7dfee31b26174449d0a1a71203fc7f2f0d35b7,10828,0,0,0,0,10.8,7.664651877029327,51.81027171831047
381,weather_daily,T2294,solar,2294,11,024521cb65d3cf7571ef7c07cb9098393d6183a4fb69aef681aa83284b77366b,10828,0,0,0,0,10.8,7.731684777949214,55.06704842586931
382,weather_daily,T2298,solar,2298,67,17a9ff6de104ee629dbf02585f1450015dc92929b6ec41940baa9312a5773f15,10828,0,0,0,0,10.9,7.723044209246394,53.83913404429136
383,weather_daily,T2305,solar,2305,86,1d20f84df4a317abee921f886dadfc8213e64482f804d7e16c494d1a04eb6dd3,10828,0,0,0,0,11.2,7.726322174301868,49.77448072610997
384,weather_daily,T2306,solar,2306,113,2525d82738e62daabcd15c7f1b1f2dd0f727ee1c507f4ab7137c1b0aaddec257,10828,0,0,0,0,13.8,8.329227886982856,38.28784968995947
385,weather_daily,T2313,solar,2313,27,08741837fd9762342716d1c7c858ccfb2cf3244cc4bb2c7b63c7a23ade7b1500,10828,0,0,0,0,11.0,7.64801771006137,51.074860608261616
386,weather_daily,T2317,solar,2317,105,23d1307338c8b2a4fd8558b85875a63bdc8bc0f0916f8931ec31f7a38ce2da22,10828,0,0,0,0,13.1,8.364136032197774,46.33623873192021
387,weather_daily,T2320,solar,2320,28,087926d67df383944677f81c36855e4a7e87d21fba5a9fa8d9eecac9734e78cb,10828,0,0,0,0,14.499999999999998,8.564782144826397,39.653691420552555
388,weather_daily,T2323,solar,2323,97,2123d2ef4f4903b6165280ed2fef64f219b3c6cbb0c5677baa827da597821ecc,10828,0,0,0,0,11.225,7.730664649327632,51.62451533373021
389,weather_daily,T2330,solar,2330,72,185355c38152c2744181a9a8849e531e2f17c3a30132a154b6f7cfea9c19f7dc,10828,0,0,0,0,11.999999999999998,8.231502836240912,57.83346825212372
390,weather_daily,T2338,solar,2338,3,0045c432bc04e3c8e91d50ba0d8f2bffe790db13f622ad19767061b80e5ca90b,10828,0,0,0,0,13.3,8.142209461858013,37.91999858911345
391,weather_daily,T2344,solar,2344,52,1384e668ff68e6f0694fd07472cc98a4550dbf54126284bd5b8bf6f42a166779,10828,0,0,0,0,13.4,8.163991146253357,37.28369382592028
392,weather_daily,T2351,solar,2351,4,0047f73ed13c19242d19f7b8f5a14153da70f9f687a12e1564d897ed0394d396,10828,0,0,0,0,12.7,7.984799723387296,38.4158831640116
393,weather_daily,T2355,solar,2355,106,24399ece882a0b5a651405b0271ecd3ff8c60b32597493554fbcc85d096db2e8,10828,0,0,0,0,13.424999999999995,8.176901226349187,36.87014095902955
394,weather_daily,T2359,solar,2359,104,23c67658f52e5fd4cea1f94f9ce7a417db27e44d1366f5d7d95938401f515fbd,10828,0,0,0,0,15.1,9.132123588937915,44.78500798708542
395,weather_daily,T2362,solar,2362,9,0194753b5756b8ceea52622c003c61c6d806c406e90e6f7b6a271e42c868c918,10828,0,0,0,0,12.0,7.791393873135519,39.91444043913593
396,weather_daily,T2366,solar,2366,31,0a7d098432e0273920f6b5411ffb9f034e1e219182688ba7d32aa291673fe938,10828,0,0,0,0,12.7,7.93195596293372,38.31839852507076
397,weather_daily,T2371,solar,2371,102,239355f235906a02459a28d3739585c178df787e70411d86b06f5ee48be19baa,10828,0,0,0,0,12.7,8.590417072863026,54.16088370914467
398,weather_daily,T2375,solar,2375,59,1469bdf5dd3375dc4c307ca4dcc6c9963c7b2f5a61fde33fe8e7ca73250cf9ec,10828,0,0,0,0,14.9,8.85843709669357,40.17933527742305
399,weather_daily,T2381,solar,2381,92,1ed0c609dc3f5c849aeaef18ffcf54ffbeb77b21d541e178ec39e82f664a821e,10828,0,0,0,0,14.900000000000002,8.964382028488025,42.735812310686335
400,weather_daily,T2387,solar,2387,19,0647b54b485b887fd6ea8ad97cca7fedd996f0dbffa1866c136780991f0bfe0d,10828,0,0,0,0,12.4,8.026406689991921,41.71936462015517
401,weather_daily,T2404,solar,2404,55,13e59eaebba96ad335f20ab2125091a3fb5b4e17181094a1e661f9cba8242aab,10828,0,0,0,0,13.3,8.571734393691617,50.38941282878383
402,weather_daily,T2406,solar,2406,115,26812f389d75d03ac8c75432f7ec96a7e850814f9a8b8a9b2a0827c71201b734,10828,0,0,0,0,12.9,8.43850609585096,48.01445091286188
403,weather_daily,T2407,solar,2407,6,015cff78ab486cb26389891ebb97bb38385febf47f7305b893954870e5077e32,10828,0,0,0,0,13.4,8.563547797581501,49.391300547957954
404,weather_daily,T2408,solar,2408,51,132cd24aa3b3c24571bf835f4214df4452bf8d648420d04e395e90c9e4f0184b,3523,0,0,0,0,11.85,7.824023279622657,35.5300787113673
405,weather_daily,T2409,solar,2409,54,13d0b94a4392570287a4a959c28070497e649e0cf76353f51e89fa86078d608e,10828,0,0,0,0,13.5,8.580346683891243,50.126254447093295
406,weather_daily,T2422,solar,2422,76,18ae2b81e56bfc362d0066c9fc2774e111fbccb760feb7c76b6608182bbb1f20,10828,0,0,0,0,12.3,7.703189459252109,37.41953162739512
407,weather_daily,T2425,solar,2425,25,07c3a929f05e2d3bc09e58f653908579f9a7ece197e8cdaeb204a069df89ce7e,10828,0,0,0,0,13.0,8.358399747215188,45.39327634285475
408,weather_daily,T2432,solar,2432,8,0192353b946c56dcf4afd89dda054410f3f8ce6575cd0624b0204234bb642b3e,10828,0,0,0,0,11.5,7.669462201702896,39.41510712764659
409,weather_daily,T2433,solar,2433,65,17873205fdf580934f61f7bb2a72957ffe6e04340459afbe9082b20904d9d125,10828,0,0,0,0,12.8,7.828587574503487,34.81242691472198
410,weather_daily,T2440,solar,2440,131,2b4663899f0fb3b0a07b78c9401c5e90fe8ea20ec68002adf987f4b125f17704,10828,0,0,0,0,13.9,8.773853531551211,43.465481607762385
411,weather_daily,T2445,solar,2445,12,02839276ce699ddafa0797d588d18c1c80e8cfe0b5c4b407a09cc0efabbe029e,10828,0,0,0,0,12.8,8.274882335096736,43.44576724562261
412,weather_daily,T2458,solar,2458,66,179e32832eeaf20cfa469c3169242dff41ace96fdd2db9b7f3f91fd01935cb0a,10828,0,0,0,0,14.3,8.46207729780464,36.20867968413085
413,weather_daily,T2460,solar,2460,127,296f53587002d4f4a97dbbdb16c877937c17d01484f3478e3345da4c25d349e2,10828,0,0,0,0,14.499999999999998,8.568158932289954,37.10254743723149
414,weather_daily,T2464,solar,2464,114,2662b7fc7bfdc64994c496cf81287b561003bc1a1eb1cac68d83439a973aeb31,4619,0,0,0,0,13.500000000000002,8.420215846687281,40.618009918691705
415,weather_daily,T2465,solar,2465,95,2050e87ec10fc85251c0f3b3e195131254c1f6f83659e028a3ecbd2cd7c14c6e,10828,0,0,0,0,11.2,7.454396325804911,37.7453059093274
416,weather_daily,T2469,solar,2469,18,05ee88cf4ffdfbdbc36de5f024ba183ed7f32655fe498886ea47b7569544b7d3,10828,0,0,0,0,9.499999999999998,7.15975886895065,44.5951521096093
417,weather_daily,T2480,solar,2480,61,15f683001edf554352b19bc5a1599d91b19b4faabf699ecde674e2ca6eb09e7c,10828,0,0,0,0,10.400000000000002,7.270389674510287,37.46852340327623
418,weather_daily,T2484,solar,2484,124,28592c39ff5c2107cb93ccd1fd2220afb9c9d563cdb0fe4992eebc522cb394a7,10828,0,0,0,0,13.1,8.475228819519305,48.24726735787256
419,weather_daily,T2485,solar,2485,36,0b908673a1c131338a144ef380e435beef7fde79fc4d316addb5edb01342eb0a,10828,0,0,0,0,13.0,7.771557285010415,33.27364641658281
420,weather_daily,T2489,solar,2489,116,268232139e6ffe5796d3818bdf3d0937e277fae3f9aa53509a2afbfd5aca0e86,10828,0,0,0,0,13.2,8.546232564597027,41.7072096266606
421,weather_daily,T2490,solar,2490,107,245c061bd358e346cd0879f5c041f1732e89d6f1a37f1e1e57affdc28585cd56,10828,0,0,0,0,14.2,8.53977671602822,37.16370791131956
422,weather_daily,T2503,solar,2503,49,1282681483eedc9f6dfbe44cd0b27e18bbeff0d8a9ec1317023e3aeb8baf68ff,10828,0,0,0,0,13.0,8.509217131254179,44.327939547715864
423,weather_daily,T2506,solar,2506,42,0e8aeb0b4535015d6d26171d153a12a08178c1f192dea3fa8b08e57bd617ac44,10828,0,0,0,0,14.1,8.684364107293941,46.29781056717306
424,weather_daily,T2520,solar,2520,23,06c86fe6f744e7e5a24b2fa5b48fb7bae4225a2636d9dc3d15ce50cd640f6170,10828,0,0,0,0,12.6,8.197983500478331,42.40193695074494
425,weather_daily,T2525,solar,2525,82,1b3be236ad4c49f8ba7595d33171f965ecbc9b9669814812281a44d37af7837c,10828,0,0,0,0,12.725,8.288318981529262,42.92750488598519
426,weather_daily,T2530,solar,2530,112,24bece43a952600d92794bb74e2a86150845829af646ea5ff6fa97ed83029092,10828,0,0,0,0,12.2,7.480796557188876,31.889838969521517
427,weather_daily,T2536,solar,2536,81,1a95a370229bc67ab516d79491f27ade15558e037f2b497fc355e309f7cbf1d9,10828,0,0,0,0,14.3,8.36361736093827,36.70668667676714
428,weather_daily,T2539,solar,2539,80,19d3c45cc17bc177c2561afc931b5a256184a90f9fb80af390bf06a966b5907f,10828,0,0,0,0,12.2,8.657971478319654,53.239898317917934
429,weather_daily,T2540,solar,2540,123,284bfc061f4fd8cd2e83f0d844b2c5ac857c7b94f80f41404ffa5a36100cfa3c,10828,0,0,0,0,13.925,8.584422543774117,39.301519840945545
430,weather_daily,T2574,solar,2574,100,22bf8f48faa964a2550cd37eb01784df0fd5a9ec0318e9912d33deda1376ea7f,10828,0,0,0,0,9.5,6.9935648010090254,42.86858342776684
431,weather_daily,T2575,solar,2575,17,05603dce8058894d8ab73c6c8eef8c8b21ecfc054661889dddf420c1e8857c83,10828,0,0,0,0,11.3,7.103623592180382,29.417248394045068
432,weather_daily,T2576,solar,2576,126,2901ab7892a5fe6140b12c5e36f7de860aeae1bc77ff37291d3cfa85af688bd1,10828,0,0,0,0,14.5,8.621979865717295,39.4837489590684
433,weather_daily,T2578,solar,2578,125,289acfbf1899f85ef21b1cb134f9a1a90474877a316a43c69e5c11fd3334bd89,10828,0,0,0,0,11.5,8.396401102811016,49.21276220339049
434,weather_daily,T2592,solar,2592,98,21745f92790df257bb934aec923d2a4c8c4546c8964d05b45e16df20d07f1059,10828,0,0,0,0,10.7,6.983488469442071,30.94431569477796
435,weather_daily,T2609,solar,2609,69,1828847695c7f105227add145364e3bdd7fa6ce2cb823bb996de7aa8b9f83513,10828,0,0,0,0,13.4,8.356342910094101,41.10140680117112
436,weather_daily,T2612,solar,2612,118,26fce6884121fcd9320b61aaccb2e703a68f42171877241c82b4505da2254cf9,10828,0,0,0,0,14.000000000000002,8.612384702100313,40.154037807201576
437,weather_daily,T2618,solar,2618,75,18ad8c17cd2487dbaa3e17391dfaae325260912e9efce9e10aa38cee93b9dfdd,10828,0,0,0,0,14.6,8.899948395486376,42.65265437356388
438,weather_daily,T2619,solar,2619,43,0e911bef653302e2acafe8614e3e94e9a4d6cf8b08980128f76a2ae192201657,10828,0,0,0,0,10.4,6.971003980382316,36.205550745924675
439,weather_daily,T2631,solar,2631,101,233142c140581cbdddfe3897be28bc39f2b2bdd6eccdb177fc51f788cb9e6c34,10828,0,0,0,0,14.3,8.649896730051026,40.26624851095336
440,weather_daily,T2636,solar,2636,15,03431dfc3d66c5055bd06685e8ba00df56e88f1e7917e3655bec7333f3198c79,10828,0,0,0,0,10.4,7.0268167747085615,37.145130119794246
441,weather_daily,T2638,solar,2638,53,13a3dc5663e88240e3fbd35262ef5c10e0926c998cdb467d08510468baeff787,10828,0,0,0,0,14.5,8.59814898063542,39.47366657213309
442,weather_daily,T2639,solar,2639,5,00a7e87ae78555a4ac5520b6057e85ec6e93f33e66b6d620af667a31ae6e5f76,4619,0,0,0,0,10.499999999999998,6.895832514955073,34.361770781306504
443,weather_daily,T2651,solar,2651,87,1d6241c61c125ed6c2da49f0fbd1f3b0363a6e7d206bb6fefd86446310d4cca4,10828,0,0,0,0,10.7,7.1334537882734415,36.94970634846565
444,weather_daily,T2653,solar,2653,64,1769d5745eb086e14cdf65f88bbbb327246e48cb259887341e39542af3f315fb,5715,0,0,0,0,8.899999999999999,6.614473873684069,34.130501086384164
445,weather_daily,T2656,solar,2656,56,13fce53292e49e92ee9ea72dcfb8d2c2d5670d5df6f81f08013ef6c5af89d4e1,10828,0,0,0,0,10.225,7.039390943103661,37.57628842524754
446,weather_daily,T2660,solar,2660,37,0bd5654cde5d5773c4e3b8c557f2e7876d372dae603a3f7e02a5430f24f4a040,10828,0,0,0,0,9.999999999999998,6.925790849450509,36.4975597622624
447,weather_daily,T2667,solar,2667,128,2a1d797617f22ac8288ef74e552cf310bb68483c4435b68b8942e7c718111bac,10828,0,0,0,0,13.3,8.130009711554415,37.2422669356511
448,weather_daily,T2669,solar,2669,68,17bf46b83b779d2157b9b292c1e4295ce433e4968ed8a2185c97da8a2e9230ad,3523,0,0,0,0,10.7,6.512403417417028,20.652262750421112
449,weather_daily,T2681,solar,2681,130,2b33b415f4df48f034f937f901e930c39cad8138f8b53793cb59bee52fcd681b,10828,0,0,0,0,11.4,6.896931512541769,25.985554803693535
450,weather_daily,T2704,solar,2704,120,27ac45985daa83a56031295046e70b5df7bc1c7911e020a41981ecf685d236c8,10828,0,0,0,0,9.900000000000002,6.358050021985195,24.84000297959645
451,weather_daily,T2716,solar,2716,99,2205347fc5d89b77acf92b9d01d315d5a82b036f91b92924d23bcbd0152bab53,4619,0,0,0,0,9.3,6.296206069317209,23.078162461212266
452,weather_daily,T2724,solar,2724,58,14308f70c34a2a99a567815cbf3da4ca3f9fd219ffdb2c8356874c8f20c6b196,10828,0,0,0,0,9.325,6.4492481143836615,28.050494259042303
453,weather_daily,T2730,solar,2730,2,0021c56b206495edb69d6bf5d6da5e43774a4ae6535c98ca0b021b26818a42ca,10828,0,0,0,0,8.799999999999997,6.165182564133354,24.843212042823897
454,weather_daily,T2732,solar,2732,71,1852eb4678fed63d2910a19d817cea54f94fd3958dea1e2b4fb57779e9cd19f6,10828,0,0,0,0,13.2,7.78615368977971,33.470666257892724
455,weather_daily,T2735,solar,2735,93,1efb14b38ae9e6e5bf1ac3e83ee674b58a28c6cbcf732416231e59297041625c,4619,0,0,0,0,13.5,7.881041695731261,31.88961840445394
456,weather_daily,T2740,solar,2740,38,0bd6371249563c440a04ed198d0d336fc9183e7b238f22c52a493a5be4d7f1f3,10828,0,0,0,0,9.0,5.7876154848862,19.433301568799333
457,weather_daily,T2741,solar,2741,7,01915aba70cb2792a2bdf87b01e910d82d1a3bec5fc96f7f31157465ea5325da,4619,0,0,0,0,8.5,6.160705578006602,24.500808784250612
458,weather_daily,T2758,solar,2758,33,0ad93c4448e26b3ad8963a64c56041fa88296ee43d80b28975812edcff011a2f,10828,0,0,0,0,8.8,5.77025996026369,20.078928125732578
459,weather_daily,T2764,solar,2764,77,18f0bf040d08ce9325b942b6bc3acb0b7da9fdca350b628e9896da66ae6a77b0,10828,0,0,0,0,8.0,5.844808014845103,22.467854835079475
460,weather_daily,T2769,solar,2769,32,0a83887e348990f716be86595cc030a372d30685ff04698fcf5334b2afeec528,10828,0,0,0,0,8.399999999999999,6.2573582547008435,27.888015528407205
461,weather_daily,T2772,solar,2772,73,185b66b18dbe43ce3fa03b427f592a3758a958235ce7556bf658d24e41140edc,4619,0,0,0,0,10.4,6.878373321847849,28.54380518955125
462,weather_daily,T2776,solar,2776,91,1e165b7f74e427627e01585999d35f1afc88aa05316af1d00bb6e3a7ba97de15,10828,0,0,0,0,12.0,7.552808351772623,37.74075087564064
463,weather_daily,T2780,solar,2780,63,17550af6dbb0e941b6f204c2178212165ef50f4a0a7bda16c42627ad20233499,10828,0,0,0,0,7.100000000000001,4.935501249496986,15.366222633708611
464,weather_daily,T2784,solar,2784,26,080f71a33948c62cbdf44452cd99e43d8aec1dbcdf069ca06c0d6e2a8e923893,10828,0,0,0,0,10.6,6.7197509786141065,24.87627255338171
465,weather_daily,T2792,solar,2792,30,0a6289e51b808c23af95e3ab5f06d419e99f48e90fbac3bb90ee240694dec70e,4619,0,0,0,0,7.899999999999999,5.689417885075737,25.414748099877
466,weather_daily,T2796,solar,2796,34,0b180f75729832309770541e23350b8a2352d8afdc7592155fb44dc68b56654f,10828,0,0,0,0,6.899999999999999,5.189394366166738,21.22651980351115
467,weather_daily,T2802,solar,2802,50,12d9cf0940b4b15f0a9ef77a566f0215f58c3a1194c6883988b7431ad2b9eac7,10828,0,0,0,0,6.100000000000001,4.683807682763513,15.373971142825107
468,weather_daily,T2807,solar,2807,22,0680e63d3fe2a040249edfb556789f852e0767c325b1a37aeeaa28e6a2bfb3dd,10828,0,0,0,0,7.399999999999999,4.980589300607908,16.699089478330446
469,weather_daily,T2811,solar,2811,79,196daedd37a463802f29efe7a4b265264ea3ca07bc12a09a438e4a135fd6be5a,3523,0,0,0,0,5.800000000000001,5.335447140411414,24.600597981482593
470,weather_daily,T2814,solar,2814,109,2461db51cf18d16c8eaa84f9f64ebfaeeeb201e2cc9bd57b630100f896089863,10828,0,0,0,0,6.0,4.986171234283057,17.071311158962093
471,weather_daily,T2828,solar,2828,44,0ef9d1696998fd6aa77304f3103a2c4b90a70955a366484c4f884be4ffd79fde,10828,0,0,0,0,13.3,8.007457897954739,33.13572975778118
472,weather_daily,T2833,solar,2833,16,055d3ca7ff8783a4237376cb73185f52f449a6abbd3d4e0310794282c58b960f,10828,0,0,0,0,12.4,7.561747747880953,30.15664083995068
473,weather_daily,T2845,solar,2845,89,1d82d48ef9d59f512ab2f85c45d7754adef350f6074767a5c755d9b356f8f0f8,10828,0,0,0,0,12.7,7.619094305583479,28.44616009747886
474,weather_daily,T2850,solar,2850,48,10f488c32bb57cf2d25e31da59b5a34a90c9e0f2cb03d9387dbb9cf43fd1f9de,10828,0,0,0,0,13.8,8.142885555125723,30.39438807730211
475,weather_daily,T2852,solar,2852,90,1de203c82cd745e5b6890baab4f534857e59c7b641e70c9e19d5a3384e45d97a,10828,0,0,0,0,13.2,8.101566511003425,32.53776048756623
476,weather_daily,T2855,solar,2855,108,24607aae3b1bcc90a77d08931c38e3a9952e9a4f8da4e84169c073073df35378,10828,0,0,0,0,13.6,7.984370976049533,28.119858994302923
477,weather_daily,T2860,solar,2860,41,0e7967c58bbddbb370f33e9a5760c96932b7f5ff3c2919a918d5e56e4e3ea14c,1697,0,0,0,0,5.799999999999997,3.9702923103713945,10.442733953541689
478,weather_daily,T2868,solar,2868,14,02ee601c8fcfbcca5465458c5563b7f342c1490e25efa863d9999e565fda200a,10828,0,0,0,0,12.4,7.470655126111049,26.368887029326007
479,weather_daily,T2870,solar,2870,122,281c638f4c5a3cf8b1fc590fc2ddfe1870c01752a8975c005470278525ee522f,10828,0,0,0,0,13.9,7.995140443589224,26.91966246743061
480,weather_daily,T2877,solar,2877,10,0212a7a680271f14917c78fdab510d1596432389b3ed1327381d86eed131c523,10828,0,0,0,0,14.1,8.265247442332612,28.67921478794771
481,weather_daily,T2880,solar,2880,83,1b5aaccb5af34dfae50b1cd0975d1902a1d73fa08798e51458b8bfb1d1f98ebd,4619,0,0,0,0,5.5,5.393695373078806,20.58928830541804
482,weather_daily,T2883,solar,2883,94,1f0ba6567bf329744fab39add0782abb9ddb0cba2fca1df487e23007ca15cd68,10828,0,0,0,0,14.325,8.333672653656643,28.089802818349018
483,weather_daily,T2885,solar,2885,74,188901f1c0ee89264a97e58450fd6a8d4414b16caa3ebd1bc1fdbb22e829165e,10828,0,0,0,0,5.300000000000001,4.9363402435441355,18.36801637941603
484,weather_daily,T2886,solar,2886,21,066d6def6f8cc3498ebae8ded5bfdd152cd580a65a32caed8044246f6a0e7d67,10828,0,0,0,0,14.3,8.287296688587743,27.23981582306193
485,weather_daily,T2888,solar,2888,110,2492e842819548c7e666b616192880f582ef9539314b47c0513e95ccb108aad6,10828,0,0,0,0,14.1,8.210359070768963,26.359212839705563
486,weather_daily,T2889,solar,2889,111,249891d78980c7eb55b24f5d11619e346220080e6ad88852331fede98ec588b5,4619,0,0,0,0,6.300000000000001,5.778041671058728,24.769047328363328
487,weather_daily,T2900,solar,2900,60,1511bb2bdbc073acbf3fe0f9887865afb61b3c80228b9d71b3df167eb13bd638,10828,0,0,0,0,12.5,8.182130942466225,36.83153505269293
488,weather_daily,T2905,solar,2905,88,1d6d6257384f9684a32210b785d0c09fd5b698173e0bbfbc378669dfb2b6ae36,10828,0,0,0,0,14.400000000000002,8.535182362290696,29.975791283910937
489,weather_daily,T2929,solar,2929,39,0d640e82a92c3eeb0fbe4316a73a0bd0f79769a12dd517ef47202b6402302743,10828,0,0,0,0,14.599999999999998,8.458328333640665,29.309582964799876
490,weather_daily,T2946,solar,2946,121,27b5169df8e7cc1274f58ae34abcd209577981b4394ab5477c95a33d8539b5eb,10828,0,0,0,0,5.299999999999997,4.429723859184422,16.004915763788514
491,weather_daily,T2950,solar,2950,1,0011ee8515003999439ae4425243fe9857e2d43748687731ccca2ea7dcbb3afb,10828,0,0,0,0,14.5,8.294119654339841,27.122310474333027
492,weather_daily,T2952,solar,2952,117,2694c575cbc5f5076d9ea89db249e2634d38ded6e86c036200cac7901ce1e2f3,4619,0,0,0,0,4.799999999999997,5.005753080505199,24.26829917561376
493,weather_daily,T2962,solar,2962,78,1934bbb2b8a8e68f01c72ed08e1442f67d91dd04bcf17264a51b29138934c0eb,4619,0,0,0,0,4.699999999999999,4.946286435975997,17.217501513372127
494,weather_daily,T2966,solar,2966,70,184822ff847af350d256bb4f5c107e44d78084f8c219f0ad0c9607d3180a43d5,10828,0,0,0,0,12.2,7.29077606132409,21.701330635496344
495,weather_daily,T2978,solar,2978,13,02a30b9a7a73edc416d467dcc04305423318ad414ee5f637f1482b22c524cf93,4619,0,0,0,0,4.800000000000001,5.018564902786355,22.929035375799295
496,weather_daily,T2989,solar,2989,45,0f4fca0b18ed15b90fdafb5b4880b0b443bd49659ad8f8a425371d2a0457e70a,10828,0,0,0,0,9.200000000000005,6.059659393158658,16.575722921194803
497,weather_daily,T2997,solar,2997,40,0e66d6db64d2dcaa9aeef57edbb63482b7c3b6e645e064582f7e97faf3c3552e,10828,0,0,0,0,11.2,6.679052149382254,16.5363287694315
498,weather_daily,T2999,solar,2999,103,23a03ef25a2dfdbcd0b821f33b3b56ffe4a978988a802b9a8e6f3054c2335926,10828,0,0,0,0,11.8,6.9545220044398555,16.860428620619388
499,weather_daily,T3005,solar,3005,46,101f40cfc25f8f3a0f02d610898796468c323093914523fa28238efbc1e456d8,10828,0,0,0,0,9.724999999999998,5.9980437491203595,13.768757589103092
500,weather_daily,T3006,solar,3006,119,275da74c6a3519072be5335a9e083dc2e32d596ab5ab80f7feb6725fb2d0b672,4619,0,0,0,0,10.0,5.8615962643324915,10.32570787558854
